movie_name,genre
Jawan,"Action, Thriller"
Jaane Jaan,"Crime, Drama, Mystery"
Jailer,"Action, Comedy, Crime"
Rocky Aur Rani Kii Prem Kahaani,"Comedy, Drama, Family"
OMG 2,"Comedy, Drama"
Sukhee,Drama
The Great Indian Family,Family
The BFG,"Adventure, Family, Fantasy"
Pathaan,"Action, Adventure, Thriller"
Mastaney,"Action, Drama, History"
3 Idiots,"Comedy, Drama"
Satyaprem Ki Katha,"Comedy, Drama, Musical"
Lion,"Biography, Drama"
Bholaa Shankar,"Action, Drama"
Haddi,"Crime, Drama"
Friday Night Plan,"Comedy, Drama"
Neeyat,"Crime, Mystery, Thriller"
Gadar 2,"Action, Adventure, Drama"
Por Thozhil,"Action, Crime, Thriller"
Life of Pi,"Adventure, Drama, Fantasy"
Asoka,"Action, Biography, Drama"
The Darjeeling Limited,"Adventure, Comedy, Drama"
Dangal,"Action, Biography, Drama"
Tumbbad,"Drama, Fantasy, Horror"
Dunki,"Comedy, Drama"
Sirf Ek Bandaa Kaafi Hai,"Crime, Drama, Thriller"
Gangs of Wasseypur,"Action, Comedy, Crime"
Khufiya,"Action, Biography, Crime"
Animal,"Action, Crime, Drama"
Miss Shetty Mr Polishetty,"Comedy, Drama, Romance"
Bawaal,"Action, Drama, Romance"
Brahmastra Part One: Shiva,"Action, Adventure, Fantasy"
Ghoomer,"Drama, Sport"
Tiger 3,"Action, Adventure, Thriller"
Tu Jhoothi Main Makkaar,"Comedy, Romance"
Drishyam 2,"Crime, Drama, Mystery"
Gandhi,"Biography, Drama, History"
PK,"Comedy, Drama, Sci-Fi"
My Name Is Khan,"Adventure, Drama, Romance"
Raees,"Action, Crime, Drama"
Rama Banam,"Action, Drama"
Andhadhun,"Crime, Mystery, Thriller"
Thank You for Coming,Comedy
Dream Girl 2,"Comedy, Drama, Romance"
Kushi,"Comedy, Drama, Romance"
Taare Zameen Par,"Drama, Family"
Drishyam,"Crime, Drama, Mystery"
Chor Nikal Ke Bhaga,"Crime, Drama, Thriller"
Gangubai Kathiawadi,"Biography, Crime, Drama"
Gaslight,"Crime, Horror, Mystery"
The Buckingham Murders,Thriller
Fighter,"Action, Adventure, Thriller"
Bholaa,"Action, Adventure, Crime"
Om Shanti Om,"Action, Comedy, Drama"
Kabhi Khushi Kabhie Gham...,"Drama, Musical, Romance"
The Kerala Story,Drama
Vikram Vedha,"Action, Crime, Drama"
"Swades: We, the People","Drama, Musical"
Bajrangi Bhaijaan,"Action, Adventure, Comedy"
Bloody Daddy,"Action, Crime, Drama"
The Hundred-Foot Journey,"Comedy, Drama"
The Kashmir Files,Drama
Akelli,"Drama, Thriller"
OMG: Oh My God!,"Comedy, Drama, Fantasy"
Adipurush,"Action, Adventure, Drama"
IB 71,"Action, Thriller"
Padmaavat,"Drama, History, Romance"
Zindagi Na Milegi Dobara,"Comedy, Drama, Musical"
Jab Tak Hai Jaan,"Drama, Romance"
Monica O My Darling,"Comedy, Crime, Drama"
Bhediya,"Comedy, Fantasy, Horror"
Ra.One,"Action, Adventure, Sci-Fi"
Laal Singh Chaddha,"Comedy, Drama, Romance"
Don 2,"Action, Crime, Thriller"
Chup,"Crime, Drama, Mystery"
Kuch Kuch Hota Hai,"Comedy, Drama, Musical"
Don,"Action, Crime, Thriller"
Devdas,"Drama, Musical, Romance"
Badla,"Crime, Drama, Mystery"
Gumraah,"Action, Crime, Drama"
The Lunchbox,"Drama, Romance"
Zara Hatke Zara Bachke,"Comedy, Drama, Family"
Street Fighter: The Legend of Chun-Li,"Action, Crime, Fantasy"
Ganapath,"Action, Drama, Sci-Fi"
Kalki 2898-AD,"Action, Drama, Fantasy"
Kal Ho Naa Ho,"Comedy, Drama, Musical"
Bride & Prejudice,"Comedy, Drama, Musical"
The White Tiger,"Crime, Drama"
Lust Stories 2,"Drama, Romance"
Bajirao Mastani,"Action, Drama, History"
Kaun?,"Mystery, Thriller"
Dear Zindagi,"Drama, Romance"
Chhichhore,"Comedy, Drama, Romance"
Freddy,"Drama, Mystery, Romance"
Yeh Jawaani Hai Deewani,"Comedy, Drama, Musical"
Sir,"Drama, Romance"
Mrs. Chatterjee vs. Norway,"Biography, Drama"
Munna Bhai M.B.B.S.,"Comedy, Drama"
Fan,"Action, Drama, Thriller"
Welcome to the Jungle, 
Vikram Vedha,"Action, Crime, Drama"
Lagaan: Once Upon a Time in India,"Drama, Musical, Sport"
Trial Period,"Comedy, Drama"
Kathal: A Jackfruit Mystery,"Comedy, Crime, Drama"
Sardar Udham,"Biography, Crime, Drama"
Kisi Ka Bhai Kisi Ki Jaan,"Action, Comedy, Drama"
King of Kotha,"Action, Drama, Thriller"
Ek Tha Tiger,"Action, Adventure, Romance"
HIT: The First Case,"Action, Crime, Drama"
Singham Again,Drama
The Second Best Exotic Marigold Hotel,"Comedy, Drama, Romance"
Dilwale Dulhania Le Jayenge,"Drama, Romance"
Kill,"Action, Adventure, Drama"
October,"Drama, Romance"
An Action Hero,"Action, Comedy, Crime"
The Vaccine War,"Drama, Thriller"
Jab We Met,"Comedy, Drama, Romance"
K.G.F: Chapter 1,"Action, Crime, Drama"
Mimi,"Comedy, Drama"
Afwaah,"Drama, Thriller"
Godfather,"Action, Crime, Drama"
Laila Majnu,"Drama, Romance"
Ghajini,"Action, Drama, Mystery"
Jab Harry Met Sejal,"Comedy, Drama, Romance"
Barfi!,"Comedy, Drama, Romance"
Mumbai Meri Jaan,Drama
Ludo,"Action, Comedy, Crime"
Haider,"Action, Crime, Drama"
Mission Majnu,"Action, Drama, History"
Talaash,"Crime, Drama, Mystery"
Ae Dil Hai Mushkil,"Drama, Music, Musical"
A Wednesday,"Action, Crime, Drama"
Wajah Tum Ho,"Drama, Mystery, Romance"
Raazi,"Action, Drama, Thriller"
Dil Chahta Hai,"Comedy, Drama, Romance"
Bye2,"Drama, Romance"
Darlings,"Comedy, Drama, Thriller"
Runway 34,"Drama, Thriller"
Masaan,Drama
Sanju,"Biography, Comedy, Drama"
Govinda Naam Mera,"Comedy, Crime, Drama"
Rockstar,"Drama, Music, Romance"
Mom,"Crime, Drama, Thriller"
Kalank,"Drama, Romance"
Article 15,"Crime, Drama, Mystery"
Lust Stories,"Drama, Romance"
Shehzada,"Action, Comedy, Drama"
Zero,"Comedy, Drama, Romance"
A Thursday,"Drama, Thriller"
Rang De Basanti,"Comedy, Crime, Drama"
Rocketry: The Nambi Effect,"Biography, Drama"
Dilwale,"Action, Comedy, Drama"
Jug Jugg Jeeyo,"Comedy, Drama, Family"
Gully Boy,"Drama, Music, Romance"
Chennai Express,"Action, Comedy, Drama"
War,"Action, Adventure, Thriller"
Shershaah,"Action, Biography, Drama"
Student of the Year 2,"Action, Comedy, Drama"
Qala,"Drama, Music"
Talvar,"Crime, Drama, Mystery"
Kuttey,"Action, Comedy, Crime"
Fukrey 3,"Comedy, Crime, Drama"
Dangerous,"Action, Crime, Drama"
Bang Bang,"Action, Adventure, Comedy"
Hey Ram,"Crime, Drama, History"
83,"Biography, Drama, History"
Selfiee,"Action, Comedy, Drama"
Veer-Zaara,"Drama, Family, Musical"
Goliyon Ki Rasleela Ram-Leela,"Drama, Musical, Romance"
Thugs of Hindostan,"Action, Adventure"
Bheed,"Drama, History"
Kabhi Alvida Naa Kehna,"Drama, Romance"
Badhaai Do,"Comedy, Crime, Drama"
Prem Ki Shaadi,"Drama, Romance"
Ghost Stories,"Horror, Thriller"
Pushpa: The Rule - Part 2,"Action, Crime, Drama"
Climax,"Action, Horror, Thriller"
Stree,"Comedy, Horror"
Monsoon Wedding,"Comedy, Drama, Romance"
Delhi Belly,"Action, Comedy, Crime"
Mission Raniganj,"Biography, Drama, History"
Main Hoon Na,"Action, Comedy, Drama"
Gadar: Ek Prem Katha,"Action, Drama, Romance"
Bhagwan Bharose,"Comedy, Drama"
Omkara,"Action, Crime, Drama"
Chak De! India,"Drama, Family, Sport"
Mohabbatein,"Drama, Musical, Romance"
Krrish 3,"Action, Adventure, Sci-Fi"
Kabir Singh,"Action, Drama, Romance"
Raat Akeli Hai,"Crime, Drama, Mystery"
Housefull 4,"Action, Comedy, Drama"
Happy New Year,"Action, Comedy, Crime"
Ittefaq,"Crime, Mystery, Thriller"
Sultan,"Action, Drama, Romance"
Dil Dhadakne Do,"Comedy, Drama, Romance"
Dhokha: Round D Corner,"Crime, Drama, Thriller"
The Other Side of the Door,"Horror, Thriller"
Omerta,"Action, Biography, Crime"
Maqbool,"Crime, Drama, Thriller"
Satya,"Action, Crime, Drama"
Cirkus,"Comedy, Drama"
Merry Christmas,"Drama, Thriller"
Badlapur,"Action, Crime, Drama"
Kaun Kitney Paani Mein,"Comedy, Drama, Family"
Karwaan,"Adventure, Comedy, Drama"
Fukrey,"Comedy, Drama, Romance"
Mili,"Drama, Thriller"
Ugly,"Crime, Drama, Mystery"
Rab Ne Bana Di Jodi,"Comedy, Drama, Music"
Tiger Zinda Hai,"Action, Adventure, Thriller"
Once Upon a Time in Mumbaai,"Action, Crime, Drama"
Salaam Venky,Drama
Vadh,"Crime, Drama, Thriller"
Faraaz,"Action, Thriller"
Sholay,"Action, Adventure, Comedy"
1920: Horrors of the Heart,"Drama, Horror"
Section 375,"Crime, Drama, Mystery"
Shiddat,Romance
Jalpari: The Desert Mermaid,"Drama, Family, Mystery"
The Girl on the Train,"Crime, Drama, Mystery"
Piku,"Comedy, Drama"
Kennedy,"Action, Crime, Drama"
Takht,"Action, Drama, History"
Company,"Action, Crime, Drama"
Kahaani,"Mystery, Thriller"
Dil Se..,"Drama, Romance"
Laapataa Ladies,"Comedy, Drama"
Goodbye,"Comedy, Drama, Family"
Uri: The Surgical Strike,"Action, Drama, History"
Sooryavanshi,"Action, Crime, Thriller"
Highway,"Crime, Drama, Romance"
Tamasha,"Comedy, Drama, Romance"
Operation Mayfair,"Crime, Thriller"
Agneepath,"Action, Crime, Drama"
Lootera,"Drama, Romance"
Dostana,"Comedy, Drama, Romance"
Dream Girl,"Comedy, Romance"
Chandigarh Kare Aashiqui,"Comedy, Crime, Drama"
Dhoom:3,"Action, Crime, Drama"
U Turn,"Crime, Drama, Horror"
Haseen Dillruba,"Crime, Drama, Mystery"
Blurr,"Drama, Horror, Thriller"
Shamshera,"Action, Adventure, Drama"
Bareilly Ki Barfi,"Comedy, Romance"
Thar,"Action, Crime, Drama"
Bade Miyan Chote Miyan,"Action, Comedy, Thriller"
Uunchai,"Adventure, Drama"
No Smoking,"Drama, Horror, Mystery"
Dobaaraa,"Drama, Fantasy, Mystery"
Bulbbul,"Drama, Horror, Mystery"
Kapoor & Sons,"Comedy, Drama, Family"
The Crew,"Comedy, Drama"
The Archies,"Comedy, Drama, Musical"
Mumbaikar,"Action, Drama, Thriller"
Yodha,"Action, Drama, Thriller"
Jalsa,"Drama, Thriller"
Game Changer,"Action, Drama, Thriller"
Gulaal,"Crime, Drama, Thriller"
Raid,"Action, Crime, Drama"
Black Friday,"Action, Crime, Drama"
The Sky Is Pink,"Drama, Romance"
Student of the Year,"Comedy, Drama, Music"
Jodhaa Akbar,"Action, Drama, History"
Jersey,"Drama, Sport"
Gehraiyaan,"Drama, Romance"
Queen,"Adventure, Comedy, Drama"
Dabangg 3,"Action, Comedy, Crime"
Darr,"Action, Drama, Romance"
Ala Vaikunthapurramuloo,"Action, Comedy, Drama"
Kolai,"Crime, Drama, Mystery"
Dhoom,"Action, Crime, Drama"
Super 30,"Biography, Drama"
A Death in the Gunj,"Drama, Thriller"
Dhoom:2,"Action, Crime, Thriller"
Kaabil,"Action, Crime, Drama"
Shootout at Byculla,Thriller
Dum Laga Ke Haisha,"Comedy, Drama, Romance"
Fukrey Returns,Comedy
Ek Villain,"Action, Crime, Drama"
Kick,"Action, Comedy, Crime"
Shaitan,"Action, Crime, Drama"
Raksha Bandhan,"Comedy, Drama, Family"
2,"Action, Sci-Fi, Thriller"
Cuttputlli,"Crime, Drama, Mystery"
Housefull 5,"Comedy, Drama"
Kabhi Haan Kabhi Naa,"Comedy, Drama, Music"
Pyaar Ka Punchnama,"Comedy, Drama, Romance"
Billu,"Comedy, Drama"
Jaane Tu... Ya Jaane Na,"Comedy, Drama, Romance"
Dil Bechara,"Comedy, Drama, Romance"
Hera Pheri,"Action, Comedy, Crime"
Bhool Bhulaiyaa,"Comedy, Horror, Mystery"
Aashiqui 2,"Drama, Music, Musical"
Kurbaan,"Action, Crime, Drama"
Don 3: The Final Chapter,"Action, Thriller"
Zid,"Crime, Romance, Thriller"
Ajeeb Daastaans,"Drama, Romance"
Simmba,"Action, Crime, Drama"
The Raid,"Action, Crime, Thriller"
Dabangg,"Action, Comedy, Crime"
Waltair Veerayya,"Action, Drama"
Jogira Sara Ra Ra,"Comedy, Drama, Family"
Checkmate,"Action, Comedy"
Krrish,"Action, Adventure, Sci-Fi"
Baadshah,"Action, Comedy, Crime"
Udaan,Drama
Water,Drama
Guzaarish,"Drama, Romance"
Koi... Mil Gaya,"Action, Drama, Romance"
Dil To Pagal Hai,"Comedy, Drama, Musical"
Table No.21,"Adventure, Drama, Thriller"
Murder 3,"Drama, Mystery, Thriller"
Taish,"Action, Thriller"
Secret Superstar,"Drama, Music"
Dhaakad,"Action, Thriller"
Sarkar,"Action, Crime, Drama"
Chandu Champion,"Biography, Drama, Sport"
Major,"Action, Biography, Drama"
Doctor G,"Comedy, Drama"
Viceroy's House,"Biography, Drama, History"
M.S. Dhoni: The Untold Story,"Biography, Drama, Sport"
Singham,"Action, Crime, Drama"
Bhaag Milkha Bhaag,"Biography, Drama, Sport"
All Ladies Do It,"Drama, Thriller"
Bhavesh Joshi Superhero,"Action, Crime, Drama"
Desi Boyz,"Comedy, Drama, Romance"
Pataakha,"Action, Comedy, Drama"
7 Khoon Maaf,"Comedy, Drama, Mystery"
Angrezi Medium,"Comedy, Drama"
Janaki Jaane,"Drama, Family"
Shahid,"Biography, Drama"
B.A. Pass,"Crime, Drama, Thriller"
Radhe,"Action, Crime, Thriller"
Liger,"Action, Drama, Romance"
Kamasutra 3D,"Drama, Romance"
Untitled Vikas Bahl/Jio Studios Project,"Horror, Thriller"
Cocktail,"Comedy, Drama, Romance"
Jewel Thief,"Crime, Drama, Musical"
Deewana,"Action, Comedy, Drama"
Bhagam Bhag,"Comedy, Drama, Mystery"
Newton,"Comedy, Drama"
Made in China,"Comedy, Drama"
Kai po che!,"Drama, Sport"
Babumoshai Bandookbaaz,"Action, Comedy, Crime"
Humpty Sharma Ki Dulhania,"Comedy, Drama, Romance"
Chatrapathi,"Action, Drama"
Kaminey,"Action, Crime, Drama"
Karthik Calling Karthik,"Drama, Mystery, Romance"
Ramayana: The Legend of Prince Rama,"Animation, Action, Adventure"
Trapped,"Drama, Thriller"
Qarib Qarib Singlle,"Comedy, Romance"
Baaghi 3,"Action, Adventure, Thriller"
Darbar,"Action, Crime, Thriller"
Bhool Bhulaiyaa 2,"Comedy, Drama, Horror"
Udta Punjab,"Action, Crime, Drama"
Agra,Drama
Notebook,"Drama, Romance"
Tara vs Bilal,"Comedy, Drama, Romance"
Matru Ki Bijlee Ka Mandola,"Comedy, Drama"
Garam Masala,"Comedy, Romance"
Ek Villain Returns,"Action, Crime, Romance"
Kambakkht Ishq,"Action, Comedy, Romance"
Metro.... In Dino,"Drama, Romance"
Go Goa Gone,"Action, Adventure, Comedy"
Jo Jeeta Wohi Sikandar,"Comedy, Drama, Romance"
Dhamaka,"Action, Crime, Drama"
Cobalt Blue,"Drama, Romance"
Manorama: Six Feet Under,"Crime, Drama, Mystery"
Antim: The Final Truth,"Action, Crime, Drama"
Welcome Back,"Action, Comedy, Crime"
Good Newwz,"Comedy, Drama"
New York,"Crime, Drama, Thriller"
Hum,"Action, Comedy, Drama"
Detective Byomkesh Bakshy!,"Action, Crime, Drama"
Ram Setu,"Action, Adventure"
Devara,"Action, Drama, Thriller"
Life in a Metro,"Comedy, Drama, Musical"
Aligarh,"Biography, Drama"
Pink,"Crime, Drama, Thriller"
Anek,"Action, Drama, Sport"
Befikre,"Comedy, Drama, Romance"
Sonu Ke Titu Ki Sweety,"Comedy, Romance"
Baghban,"Drama, Romance"
Kanjoos Makhichoos,"Comedy, Drama, Family"
Guide,"Drama, Musical, Romance"
Tubelight,"Drama, War"
Anbe Sivam,"Adventure, Comedy, Drama"
Hum Tum,"Comedy, Drama, Romance"
Special Chabbis,"Crime, Drama, Thriller"
Dasvi,"Comedy, Drama"
Mrs Undercover,"Action, Comedy, Thriller"
Vicky Donor,"Comedy, Romance"
Bodyguard,"Action, Comedy, Drama"
Kahaani 2,"Mystery, Thriller"
Malaikottai Vaaliban,"Action, Drama, Fantasy"
Bellbottom,"Action, Thriller"
Kaagaz,"Biography, Comedy, Drama"
Salaam Bombay!,"Crime, Drama"
Meri Pyaari Bindu,"Comedy, Drama, Romance"
Namastey London,"Comedy, Drama, Romance"
Welcome,"Comedy, Crime, Drama"
Baazigar,"Crime, Drama, Musical"
Main Tera Hero,"Action, Comedy, Romance"
Singham Returns,"Action, Crime, Drama"
Jagga Jasoos,"Action, Adventure, Comedy"
India Lockdown,"Adventure, Drama"
Parched,Drama
Sam Bahadur,"Biography, Drama, War"
Hera Pheri 3, 
Malang - Unleash the Madness,"Action, Crime, Drama"
Aladin,"Action, Adventure, Comedy"
Madras Cafe,"Action, Drama, Thriller"
Race 3,"Action, Crime, Thriller"
Mrs. Serial Killer,"Crime, Drama, Thriller"
Any Body Can Dance 2,"Biography, Drama, Music"
Manmarziyaan,"Comedy, Drama, Romance"
Tere Naam,"Action, Drama, Romance"
Tiku weds Sheru,"Comedy, Drama, Romance"
Housefull 3,"Action, Comedy, Romance"
Toilet - Ek Prem Katha,"Comedy, Drama, Romance"
Aitraaz,"Drama, Romance, Thriller"
2 States,"Comedy, Drama, Romance"
Sadak,"Action, Drama, Romance"
Bob Biswas,"Crime, Drama, Thriller"
Johny Mera Naam,"Action, Drama, Musical"
Ladies vs. Ricky Bahl,"Comedy, Crime, Drama"
Johnny Gaddaar,"Crime, Drama, Mystery"
Thunivu,"Action, Crime, Thriller"
Photograph,"Drama, Romance"
Tashan,"Action, Comedy, Drama"
Taal,"Drama, Musical, Romance"
Krrish 4,"Action, Sci-Fi, Thriller"
Hum Do Hamare Do,Comedy
Saaho,"Action, Thriller"
We Are Family,"Comedy, Drama, Family"
Housefull 2,"Action, Comedy, Drama"
Baby,"Action, Crime, Thriller"
Code Name: Tiranga,"Action, Drama, Thriller"
Mujhse Shaadi Karogi,"Comedy, Romance"
Ajnabee,"Action, Crime, Drama"
Bachna Ae Haseeno,"Comedy, Drama, Romance"
Chef,"Comedy, Drama, Family"
Dev.D,"Comedy, Drama, Romance"
Spy,"Action, Thriller"
Mission Kashmir,"Action, Drama, Thriller"
Pyaasa,"Drama, Musical, Romance"
Jee Le Zaraa,Drama
Jayeshbhai Jordaar,"Comedy, Drama"
Pichaikkaran 2,"Action, Drama, Sci-Fi"
Hazaaron Khwaishein Aisi,Drama
The Lovers,"Action, Adventure, Romance"
The Big Bull,"Biography, Crime, Drama"
Heropanti 2,"Action, Comedy, Crime"
Te3n,"Crime, Drama, Mystery"
Hungama 2,"Comedy, Drama, Romance"
Indian 2,"Action, Drama, Thriller"
Boom,"Crime, Thriller"
Karan Arjun,"Action, Drama, Fantasy"
Shaandaar,"Comedy, Drama, Romance"
Samrat Prithviraj,"Action, Drama, History"
Bharat,"Action, Comedy, Drama"
Laxmii,"Action, Comedy, Horror"
Aazam,"Crime, Drama, Mystery"
Serious Men,"Comedy, Drama"
Ishq,"Action, Comedy, Drama"
JGM (JanaGanaMana),"Action, Drama"
Josh,"Action, Drama, Musical"
Footfairy,"Crime, Thriller"
C.I.D.,"Action, Crime, Musical"
Zinda,"Action, Drama, Mystery"
Non Stop Dhamaal,Comedy
Ishq-e-nadaan,"Drama, Romance"
Fitoor,"Drama, Romance"
Andaz Apna Apna,"Action, Comedy, Romance"
Jawaani Jaaneman,"Comedy, Drama"
Batla House,"Action, Crime, Drama"
Gabbar Is Back,"Action, Crime, Drama"
Partner,"Comedy, Drama, Romance"
Awara Paagal Deewana,"Action, Comedy, Crime"
A Flying Jatt,"Action, Adventure, Comedy"
Rangeela,"Comedy, Drama, Musical"
Jogi,"Drama, Thriller"
Tadka,"Comedy, Drama, Romance"
Paheli,"Comedy, Drama, Fantasy"
Duplicate,"Action, Comedy, Crime"
Radhe Shyam,"Drama, Romance"
English Vinglish,"Comedy, Drama, Family"
Koi Jaane Na,Thriller
72 Hoorain,"Crime, Drama, Thriller"
Rustom,"Crime, Drama, Thriller"
Chup Chup Ke,"Comedy, Drama, Romance"
Hate Story,"Drama, Thriller"
Tees Maar Khan,"Comedy, Crime"
Mard Ko Dard Nahin Hota,"Action, Comedy, Drama"
Hum Dil De Chuke Sanam,"Comedy, Drama, Musical"
Sadak 2,"Action, Drama"
Black,Drama
13B: Fear Has a New Address,"Drama, Horror, Mystery"
Fanaa,"Action, Drama, Romance"
Yaariyan 2,"Comedy, Drama, Musical"
War 2,"Action, Adventure, Crime"
Yuva,"Action, Drama, Thriller"
Sangharsh,"Action, Crime, Drama"
Wanted,"Action, Crime, Thriller"
Motichoor Chaknachoor,"Comedy, Romance"
Paan Singh Tomar,"Action, Biography, Crime"
Sharmaji Namkeen,"Comedy, Drama, Family"
Music School,"Drama, Musical"
Satyameva Jayate 2,"Action, Crime, Drama"
Laal Kaptaan,"Action, Adventure, Drama"
Manto,"Biography, Drama"
Khakee,"Action, Crime, Drama"
Yeh Saali Aashiqui,"Drama, Romance, Thriller"
Lakshya,"Action, Drama, Romance"
Badhaai ho,"Comedy, Drama"
Trishna,Drama
Guilty,"Drama, Thriller"
Thank God,"Comedy, Fantasy"
Ghayal,"Action, Crime, Drama"
Baaghi,"Action, Romance, Thriller"
Bombay Velvet,"Action, Crime, Drama"
Once Upon a Time in Mumbai Dobaara!,"Action, Crime, Drama"
Shaadi Mein Zaroor Aana,"Drama, Romance"
Lage Raho Munna Bhai,"Comedy, Drama, Romance"
Luka Chuppi,"Comedy, Romance"
Shor in the City,"Crime, Drama"
Tanhaji: The Unsung Warrior,"Action, Biography, Drama"
Neymar,"Comedy, Family"
AK vs AK,"Action, Comedy, Crime"
Sarbjit,"Biography, Drama"
Connect,Thriller
Welcome Home,"Crime, Drama, Horror"
Padman,"Comedy, Drama"
Laththi,"Action, Crime, Drama"
Raman Raghav 2.0,"Crime, Drama, Thriller"
Dhobi Ghat,Drama
Ardh Satya,"Crime, Drama"
Jersey,"Drama, Sport"
Bala,Comedy
Guru,Drama
Stolen,"Drama, Thriller"
Deewane Huye Paagal,"Action, Comedy, Drama"
Nail Polish,Drama
Jaadugar,"Comedy, Drama, Fantasy"
Jism 2,"Drama, Romance, Thriller"
Three of Us, 
Bhootnath,"Comedy, Drama, Family"
Ascharyachakit!,"Drama, Romance"
Chillar Party,"Comedy, Drama, Family"
Chakda Xpress,"Biography, Drama, Sport"
I Hate Luv Storys,"Comedy, Drama, Romance"
Wazir,"Action, Crime, Drama"
Singh Is Kinng,"Action, Comedy, Crime"
Holiday,"Action, Crime, Thriller"
#Home,Drama
Attack,"Action, Sci-Fi, Thriller"
Janhit Mein Jaari,"Comedy, Drama, Romance"
Khiladiyon Ka Khiladi,"Action, Crime, Drama"
Vinaya Vidheya Rama,"Action, Drama"
Hate Story IV,"Crime, Drama, Thriller"
Rocky Handsome,"Action, Crime, Drama"
Dhamaal,"Action, Adventure, Comedy"
Pyaar Ka Punchnama 2,"Comedy, Drama, Romance"
Untitled Blumhouse Productions Film, 
Chachi 420,"Comedy, Drama, Family"
Chalte Chalte,"Drama, Romance"
Sanam Teri Kasam,"Drama, Musical, Romance"
Bunty Aur Babli,"Comedy, Crime, Drama"
Agent Vinod,"Action, Adventure, Thriller"
Airlift,"Action, Drama, History"
Judwaa 2,"Action, Comedy"
Untitled Aamir khan/Rajkumar Hirani movie,Biography
Paanch,"Crime, Thriller"
Rowdy Rathore,"Action, Comedy, Crime"
Sanak,"Action, Thriller"
Visfot,"Crime, Thriller"
Skater Girl,"Drama, Family, Sport"
Raincoat,"Drama, Romance"
Murder,"Drama, Romance, Thriller"
Mujhse Dosti Karoge!,"Comedy, Drama, Family"
Veerappan,"Action, Biography, Crime"
Madly,"Drama, Romance"
One Friday Night,"Crime, Drama"
Khuda Haafiz,"Action, Crime, Drama"
Mohenjo Daro,"Action, Adventure, Drama"
Atrangi Re,"Comedy, Drama, Fantasy"
Aakrosh,"Action, Crime, Drama"
Agneepath,"Action, Crime, Drama"
Yes Boss,"Comedy, Drama, Musical"
Chhapaak,"Biography, Drama"
Anjaana Anjaani,"Comedy, Drama, Musical"
No One Killed Jessica,"Biography, Crime, Drama"
Gurgaon,"Crime, Thriller"
Lift,"Drama, Horror, Mystery"
D-Day,"Action, Thriller"
Khuda Haafiz Chapter II: Agni Pariksha,"Action, Crime, Drama"
UI, 
Mr. India,"Action, Comedy, Drama"
The Body,"Mystery, Thriller"
Mukkabaaz,"Action, Drama, Sport"
Kaagaz Ke Phool,"Drama, Romance"
Shahenshah,"Action, Adventure"
Gali Guleiyan,"Drama, Thriller"
Phir Hera Pheri,"Comedy, Crime"
Zwigato,Drama
Hindi Medium,"Comedy, Drama"
1920,"Horror, Mystery, Romance"
Love Aaj Kal,"Drama, Romance"
Bheeshma,"Action, Comedy, Romance"
Chopsticks,"Comedy, Drama"
Pagglait,"Comedy, Drama"
Heroine,Drama
Shanghai,"Crime, Drama, Mystery"
Naam Shabana,"Action, Drama, Thriller"
Singh Is Bliing,"Action, Comedy, Romance"
Beautiful,Drama
Filmistaan,Comedy
Hum Tumhare Hain Sanam,"Comedy, Drama, Romance"
Naseeb,"Action, Musical, Romance"
Akira,"Action, Thriller"
Sonchiriya,"Action, Crime, Drama"
The Other End of the Line,"Comedy, Drama, Family"
Kesari,"Action, Drama, History"
Jaane Bhi Do Yaaro,"Comedy, Crime, Drama"
Nympho: The Lust Story,"Drama, Romance, Thriller"
San' 75 (Pachattar),Thriller
Shootout at Wadala,"Action, Biography, Crime"
Murder 2,"Action, Crime, Drama"
Luck by Chance,Drama
Kaho Naa... Pyaar Hai,"Action, Musical, Romance"
All the Best: Fun Begins,"Action, Comedy, Drama"
Band Baaja Baaraat,"Comedy, Drama, Romance"
Baazaar,"Crime, Drama, Thriller"
Miss Teacher,Romance
Raaz,"Drama, Horror, Musical"
Nayak: The Real Hero,"Action, Drama, Thriller"
Race,"Action, Crime, Drama"
Sergeant,"Drama, Thriller"
Khosla Ka Ghosla!,"Comedy, Crime, Drama"
Siya,"Crime, Drama"
Golmaal 3,"Action, Comedy, Drama"
Blackmail,"Comedy, Thriller"
Don,"Action, Crime, Thriller"
Baadshaho,"Action, Adventure, Thriller"
Babli Bouncer,"Comedy, Drama"
Midnight's Children,Drama
Rahasya,"Mystery, Thriller"
Love-All,Sport
Sarfarosh,"Action, Crime, Drama"
Entertainment,"Action, Comedy, Drama"
Kanguva,"Action, Drama, Fantasy"
Chehre,"Drama, Mystery, Thriller"
Good Luck Jerry,"Comedy, Crime, Drama"
Kaamyaab,Drama
Madhoshi,"Musical, Mystery, Drama"
Housefull,"Comedy, Drama, Romance"
Mardaani 2,"Action, Crime, Drama"
Toolsidas Junior,"Drama, Family, Sport"
Love Sonia,Drama
Hate Story 3,"Drama, Thriller"
Looop Lapeta,"Action, Comedy, Crime"
Mumbai Saga,"Action, Crime"
Pardes,"Drama, Musical, Romance"
Kaante,"Action, Crime, Drama"
The Hungry,Drama
Kabzaa,"Action, Crime, Thriller"
Forensic,"Crime, Thriller"
Shootout at Lokhandwala,"Action, Crime, History"
Double XL,"Comedy, Drama"
Phone Bhoot,"Comedy, Horror"
Cadaver,"Crime, Drama, Mystery"
Bombay Talkies,Drama
Almost Pyaar with DJ Mohabbat,"Drama, Musical, Romance"
Oh! Baby,"Comedy, Drama, Fantasy"
Rashmi Rocket,"Drama, Sport"
Pyaar Kiya To Darna Kya,"Action, Comedy, Drama"
The Tashkent Files,"Drama, Mystery, Thriller"
Mulk,Drama
Dabangg 2,"Action, Comedy, Crime"
Romeo Akbar Walter,"Action, Drama, Thriller"
DAMaN,"Adventure, Drama"
Dil Bole Hadippa!,"Comedy, Drama, Romance"
Buddha in a Traffic Jam,"Crime, Thriller"
The Purvanchal Files,Action
800,"Biography, Sport"
Blind,"Crime, Drama, Thriller"
Love Aaj Kal,"Comedy, Drama, Romance"
Har Dil Jo Pyar Karega...,"Comedy, Drama, Musical"
Ankhon Dekhi,"Comedy, Drama"
Joram,"Action, Adventure, Crime"
Ardh,"Drama, Romance"
Khoobsurat,"Comedy, Romance"
Bachchhan Paandey,"Action, Comedy, Crime"
Border,"Action, Drama, History"
Hichki,"Comedy, Drama"
Rangoon,"Action, Drama, History"
Ujda Chaman,Comedy
Arth,"Drama, Romance"
Mohra,"Action, Drama, Thriller"
Untitled Soorarai Pottru remake,"Action, Drama"
Dishoom,"Action, Adventure, Comedy"
Aankh Micholi,"Comedy, Family"
Aashiq Banaya Aapne: Love Takes Over,"Drama, Romance, Thriller"
Golmaal Returns,"Comedy, Crime, Mystery"
Kaalakaandi,"Comedy, Thriller"
Hanuman,Animation
Tariq,"Action, Drama, Thriller"
Maine Pyar Kiya,"Drama, Musical, Romance"
Court,Drama
Chhalaang,"Comedy, Drama, Sport"
Street Dancer 3D,"Drama, Music"
Jhund,"Biography, Drama, Sport"
U-Turn,"Crime, Horror, Mystery"
Thalaivi,"Biography, Drama"
Hum Saath-Saath Hain,"Drama, Musical"
Kedarnath,"Drama, Romance"
Raajneeti,"Crime, Drama, Thriller"
Mission Mangal,"Drama, History"
Maja Ma,"Comedy, Drama"
Paa,"Comedy, Drama"
Maachis,"Action, Crime, Drama"
The Intern,"Comedy, Drama, Thriller"
Panipat,"Action, Drama, History"
One 2 Ka 4,"Action, Crime, Drama"
Titli,"Action, Crime, Drama"
Monsoon Shootout,"Action, Crime, Drama"
Jolly LLB,"Comedy, Crime, Drama"
Kaal,"Adventure, Horror, Mystery"
Hum Aapke Hain Koun..!,"Comedy, Drama, Musical"
Kadvi Hawa,Drama
Daddy,"Action, Biography, Crime"
36 China Town,"Comedy, Mystery, Thriller"
Shool,"Action, Crime, Drama"
Dharam Sankat Mein,Comedy
Class of 83,"Action, Crime, Drama"
Sheran Di Kaum Punjabi,"Action, Adventure, Drama"
Brothers,"Action, Drama, Sport"
Deewangee,"Crime, Drama, Mystery"
Madaari,"Drama, Thriller"
Bawarchi,"Comedy, Musical, Drama"
Breakaway,"Comedy, Drama, Sport"
Mughal-E-Azam,"Drama, Romance, War"
A Gentleman,"Action, Comedy"
Rock On!!,"Drama, Music"
Evil Eye,"Horror, Mystery, Thriller"
Margarita with a Straw,Drama
Rakshak India's Braves,"Action, Biography"
The Diplomat,"Drama, Thriller"
Koyla,"Action, Drama, Musical"
Trimurti,"Action, Drama"
Thappad,Drama
Joker,"Comedy, Family, Sci-Fi"
Nazar Andaaz,"Comedy, Drama"
Gulabo Sitabo,"Comedy, Drama"
Phobia,"Drama, Mystery, Thriller"
B.A. Pass 2,Drama
Commando,"Action, Adventure, Thriller"
Khal Nayak,"Action, Adventure, Crime"
Dhan Dhana Dhan Goal,"Drama, Sport, Thriller"
Chocolate: Deep Dark Secrets,"Crime, Drama, Mystery"
Dolly Kitty Aur Woh Chamakte Sitare,"Comedy, Drama"
Badrinath Ki Dulhania,"Comedy, Drama, Romance"
Dial 100,"Action, Thriller"
Yalgaar,"Action, Drama, Thriller"
Kaun Pravin Tambe?,"Biography, Drama, Sport"
Toofaan,"Action, Drama, Sport"
Besharam,"Action, Comedy, Romance"
India's Most Wanted,"Action, Adventure, Thriller"
Do Bigha Zamin,Drama
Aamir,"Action, Crime, Drama"
Raju Ban Gaya Gentleman,"Comedy, Musical, Romance"
Titu Ambani,Drama
Judgementall Hai Kya,"Comedy, Drama, Mystery"
Saudagar,"Drama, Family"
Khiladi 786,"Action, Comedy, Romance"
Hurdang,"Drama, Romance"
Plan A Plan B,"Comedy, Romance"
Pari,"Fantasy, Horror, Mystery"
Thank You,Comedy
Firrkie,Thriller
1920: Evil Returns,"Drama, Horror, Romance"
Bol Bachchan,"Action, Comedy"
Hisss,"Comedy, Drama, Horror"
Guthlee Ladoo,Drama
Haan Maine Bhi Pyaar Kiya,"Drama, Musical, Romance"
Soldier,"Action, Drama, Musical"
Phool Aur Patthar,"Action, Drama, Romance"
The Xpose,"Drama, Mystery, Romance"
Aashiq,"Action, Drama, Romance"
Pal Pal Dil Ke Paas,"Action, Drama, Romance"
Kyaa Super Kool Hain Hum,Comedy
Rocket Singh: Salesman of the Year,"Comedy, Drama"
Gandharva jr.,"Drama, Fantasy"
Tere Bin Laden,"Comedy, Drama"
The Underbug,Horror
Bandit Queen,"Action, Biography, Crime"
Maidaan,"Biography, Drama, History"
Blue,"Action, Adventure, Mystery"
Chameli,Drama
Khushi,"Action, Comedy, Drama"
Mausam,"Drama, Romance, War"
Fiza,"Crime, Drama, Romance"
Mother India,"Action, Comedy, Drama"
Hungama,"Comedy, Drama, Romance"
Yeh Saali Zindagi,"Crime, Drama, Thriller"
Mr. & Mrs. '55,"Comedy, Musical, Romance"
Waqt,"Drama, Romance"
Raabta,"Action, Drama, Fantasy"
Untitled Shahid Kapoor/Kriti Sanon Film,"Drama, Romance"
Neerja,"Biography, Drama, Thriller"
Qayamat: City Under Threat,"Action, Drama, Romance"
Raju Chacha,"Action, Comedy, Drama"
Gupt: The Hidden Truth,"Action, Crime, Mystery"
Vivah,"Drama, Musical, Romance"
Bhoot Police,"Comedy, Horror"
Operation Romeo,"Drama, Mystery"
1942: A Love Story,"Action, Drama, History"
Aksar 2,"Crime, Drama, Mystery"
Duniya,"Action, Drama"
Ferrari Ki Sawaari,"Comedy, Drama, Family"
Mr Lele,Comedy
Untitled,Action
Shah Behram,Fantasy
OK Jaanu,"Drama, Romance"
Ki & Ka,"Comedy, Romance"
Shree 420,"Comedy, Crime, Drama"
102 Not Out,"Comedy, Drama"
Matrubhoomi: A Nation Without Women,Drama
Ginny Weds Sunny,"Comedy, Drama, Romance"
Woh Kaun Thi?,"Drama, Mystery, Romance"
Action Replayy,"Comedy, Romance, Sci-Fi"
Yodha,"Action, Drama"
Khatta Meetha,"Comedy, Crime, Drama"
Shakti,"Action, Crime, Drama"
Dushmani: A Violent Love Story,"Action, Drama, Romance"
Humraaz,"Romance, Thriller"
Jhankaar Beats,"Comedy, Music, Romance"
Khiladi,"Action, Musical, Mystery"
Baiju Bawra,Drama
Sahib Bibi Aur Ghulam,"Drama, Musical"
Tezaab,"Action, Drama, Romance"
Yamini,"Crime, Drama, Thriller"
Bangistan,"Comedy, Drama"
Hawa,"Drama, Horror, Thriller"
Zubeidaa,"Biography, Drama, History"
Singh Saab the Great,"Action, Drama"
Garbage,"Drama, Thriller"
Jai Maa Vaishno Devi,Drama
Koochie Koochie Hota Hai,"Animation, Family, Musical"
One Two Three,"Comedy, Crime"
Raaz: The Mystery Continues,"Horror, Mystery, Romance"
"LSD: Love, Sex Aur Dhokha","Comedy, Crime, Drama"
Love Hostel,"Action, Crime, Romance"
Gunday,"Action, Drama, Musical"
Michael,"Action, Crime, Drama"
Behen Hogi Teri,Comedy
Pogaru,Action
Motu Patlu Kung Fu Kings Returns,Animation
Sorry Karma Returns,"Crime, Mystery, Thriller"
Mary Kom,"Action, Biography, Drama"
Force 2,"Action, Adventure, Thriller"
Aar Ya Paar,Thriller
Loveyatri,"Comedy, Drama, Music"
Dharam Veer,"Action, Adventure, Comedy"
Mujrim,"Action, Crime"
Shaadi Ke Side Effects,"Comedy, Romance"
Mera Naam Joker,"Comedy, Drama"
Roohi,"Comedy, Horror"
Cantt Road: The Beginning,Crime
Patiala House,"Drama, Sport"
Shakespeare-Wallah,"Drama, Romance"
Kho Gaye Hum Kahan,Drama
Pippa,"Action, Drama, History"
Raanjhanaa,"Drama, Romance"
Lakadbaggha,"Action, Comedy, Crime"
Kavacham,"Action, Crime, Thriller"
Janmabhoomi,Drama
Munnibai,"Action, Crime, Drama"
Yaarana,"Action, Comedy, Drama"
Aks,"Action, Crime, Horror"
Khan kluay,"Animation, Adventure, Family"
Hunterrr,"Comedy, Romance"
Lost,"Drama, Thriller"
The Ghazi Attack,"Action, Thriller, War"
99,"Comedy, Crime, Drama"
Tujhe Meri Kasam,Romance
Baasha,"Action, Crime, Drama"
Gangster,"Action, Crime, Drama"
Commando 3,"Action, Adventure, Thriller"
The Lift Boy,"Comedy, Drama"
Main Aur Charles,"Action, Biography, Crime"
Gangaa Jamunaa Saraswathi,"Action, Drama, Romance"
Salaam-E-Ishq,"Comedy, Drama, Musical"
Chhal,"Action, Crime, Drama"
Maine Pyaar Kyun Kiya,"Comedy, Drama, Romance"
Dil Kya Kare,"Drama, Musical, Romance"
Gori Tere Pyaar Mein!,"Comedy, Drama, Romance"
Aankhen,"Action, Comedy, Crime"
Theeran Adhigaaram Ondru,"Action, Crime, Thriller"
Ek Ladki Ko Dekha Toh Aisa Laga,"Comedy, Crime, Drama"
Chandni Chowk to China,"Action, Adventure, Comedy"
Hi Nanna,"Drama, Family, Romance"
Anand,"Drama, Musical"
Ghar Dwaar,Drama
Kis Kisko Pyaar Karoon,"Comedy, Romance"
Khushboo,"Drama, Romance"
Chalaak,Thriller
Stanley Ka Dabba,"Comedy, Drama, Family"
Ghost Story - An Abstract Film,Horror
Sandeep Aur Pinky Faraar,"Comedy, Crime, Drama"
Rascals,"Action, Comedy, Crime"
Aiyaary,"Action, Drama, Thriller"
Veerana,"Action, Drama, Horror"
Wake Up Sid,"Comedy, Drama, Romance"
Keedaa Cola,"Comedy, Crime"
Daawat-e-Ishq,"Comedy, Drama, Romance"
Aiyyaa,"Comedy, Romance"
Toofan,"Action, Crime, Drama"
Zanjeer,"Action, Crime, Drama"
Qurbani,"Action, Crime, Drama"
Dr. Cabbie,Comedy
Mahanati,"Biography, Drama"
Saudagar,"Action, Drama, Romance"
Har Har Mahadev,"Action, Drama, War"
Zapatlela,"Comedy, Drama, Horror"
Judwaa,"Action, Comedy, Drama"
That Girl in Yellow Boots,"Crime, Drama, Mystery"
The Delhi Files,"Crime, History, Thriller"
Jolly LLB 2,"Comedy, Crime, Drama"
Gold,"Drama, History, Sport"
Bichhoo,"Action, Crime, Drama"
Kaali Khuhi,"Drama, Horror, Mystery"
Jigar,"Action, Drama, Romance"
Aatmapamphlet,"Comedy, Drama"
Amar Prem,"Drama, Musical, Romance"
Awarapan,"Action, Crime, Drama"
Hate Story 2,"Drama, Thriller"
Brahmastra 2,"Action, Adventure, Fantasy"
Musafir,"Action, Crime, Drama"
Possessed Love,"Drama, Horror, Romance"
Prem Ratan Dhan Payo,"Action, Drama, Musical"
Nadiya Ke Paar,"Drama, Romance"
David,"Action, Crime, Drama"
Roar,"Action, Adventure, Sci-Fi"
Aarakshan,"Drama, Thriller"
Angithee,Drama
Dharmatma,"Action, Romance, Thriller"
Meenakshi Sundareshwar,"Comedy, Romance"
De Dana Dan,"Action, Comedy, Crime"
Mastram,"Biography, Drama"
Ek Thi Daayan,"Horror, Romance, Thriller"
Le Halua Le,"Comedy, Drama, Romance"
Virasat,"Action, Drama, Musical"
Axone,"Comedy, Drama"
Coolie No. 1,"Action, Comedy, Romance"
Maya,"Drama, Mystery, Romance"
Mardaani,"Action, Crime, Drama"
Kalyug,"Action, Crime, Drama"
Yeh Shaadi Nahi Ho Sakti,Comedy
Hawayein,"Drama, Romance"
Ek Jaan Hain Hum,"Family, Romance"
420 IPC,Crime
Baaghi 2,"Action, Crime, Drama"
Ragini MMS 2,Horror
Bade Miyan Chote Miyan,"Action, Comedy, Musical"
The Blue Umbrella,"Comedy, Drama, Family"
Operation Valentine,"Action, Drama, Thriller"
Betaab,"Family, Romance"
Race 2,"Action, Crime, Thriller"
Monsoon,"Comedy, Drama, Romance"
Ek Main Aur Ekk Tu,"Comedy, Drama, Romance"
Refugee,"Drama, Musical, Romance"
Crack,Drama
Marjaavaan,"Action, Drama, Romance"
Bramayugam,"Horror, Thriller"
Ek Paheli Leela,"Mystery, Romance, Thriller"
Prince,"Action, Sci-Fi, Thriller"
Mehbooba,"Drama, Romance"
My Friend Ganesha 4,Comedy
Luck,"Action, Adventure, Drama"
Phir Bhi Dil Hai Hindustani,"Comedy, Drama, Musical"
Grand Masti,"Comedy, Drama, Thriller"
Seeta Aur Geeta,"Adventure, Comedy, Drama"
Muthu,"Action, Comedy, Drama"
Coat,"Drama, Family"
Footpath,"Action, Crime, Drama"
Julie 2,"Drama, Romance, Thriller"
Khuda Gawah,"Action, Adventure, Drama"
Laaga Chunari Mein Daag: Journey of a Woman,"Drama, Family, Romance"
Helicopter Eela,Drama
Jagir,"Action, Adventure, Drama"
Humko Deewana Kar Gaye,"Drama, Romance"
Ek Hasina Thi,"Crime, Drama, Mystery"
Soorma,"Biography, Drama, Sport"
Nikamma,"Action, Comedy, Drama"
Do Lafzon Ki Kahani,"Action, Drama, Romance"
Phata Poster Nikhla Hero,"Action, Comedy, Crime"
Manikarnika: The Queen of Jhansi,"Action, Biography, Drama"
August 16 1947,"Action, Drama"
Nasha,"Drama, Thriller"
Tum Bin 2,"Drama, Romance"
Suryavanshi,"Action, Fantasy, Horror"
Zanjeer,"Action, Crime, Drama"
Shukranu,Drama
Jigarthanda DoubleX,"Action, Comedy, Drama"
Tehran,"Action, Thriller"
Ramaiya Vastavaiya,"Action, Drama, Romance"
Yaadein...,"Musical, Drama, Romance"
Chhota Bheem Kung Fu Dhamaka,"Animation, Action, Adventure"
Maatr,Thriller
Alag: He Is Different.... He Is Alone...,"Action, Drama, Fantasy"
Delhi-6,Drama
Vaastav: The Reality,"Action, Crime, Drama"
Ship of Theseus,Drama
Golmaal: Fun Unlimited,"Action, Comedy, Drama"
The Hero of Color City,"Animation, Adventure, Family"
Raja,"Action, Comedy, Drama"
Kyon Ki...,"Drama, Romance"
Choked: Paisa Bolta Hai,Drama
Azhar,"Biography, Drama, Sport"
Panga,"Drama, Sport"
Rog,"Mystery, Romance, Thriller"
Dil Toh Baccha Hai Ji,"Comedy, Drama, Romance"
Waqt: The Race Against Time,"Comedy, Drama, Family"
Kasethan Kadavulada,"Comedy, Drama"
Jurm,"Action, Crime, Romance"
Kachchi Kali,Drama
Who Am I,Drama
Kachche Dhaage,"Action, Drama, Thriller"
Pitaah,"Action, Drama"
Guest iin London,Comedy
Policegiri,"Action, Comedy, Crime"
Shaakuntalam,"Drama, Fantasy, Romance"
Hasee Toh Phasee,"Comedy, Romance"
Tiger Nageswara Rao,"Action, Biography, Crime"
Baar Baar Dekho,"Action, Comedy, Drama"
Baaghi 4,"Action, Drama, Thriller"
Hotel,"Horror, Mystery"
Doodhwali,Drama
Loha,"Action, Drama, Thriller"
Socha Na Tha,"Comedy, Drama, Romance"
Naseeb,"Comedy, Drama, Romance"
Veera Simha Reddy,"Action, Drama"
Tadap,"Action, Drama, Romance"
Khichdi: The Movie,"Comedy, Family"
Bandh Darwaza,"Action, Drama, Horror"
Laal Rang,"Comedy, Crime, Drama"
Once Again,"Drama, Romance"
Samay: When Time Strikes,"Crime, Mystery, Thriller"
Mere Jeevan Saathi,"Drama, Adventure, Action"
Khaidi No. 150,"Action, Drama, Romance"
Darna Zaroori Hai,Horror
Raja Ki Ayegi Baraat,"Drama, Romance"
Darna Mana Hai,Horror
Dono,Drama
Shaurya: It Takes Courage to Make Right... Right,"Crime, Drama, Thriller"
Satyameva Jayate,"Action, Crime, Drama"
The Conversion,Drama
Kismat Konnection,"Comedy, Drama, Romance"
Kabul Express,"Adventure, Comedy, Drama"
China Gate,"Action, Adventure, Drama"
Ghayal Once Again,"Action, Crime, Drama"
Sherdil,"Comedy, Drama"
Kaala Barbarian Chapter 1,Thriller
Dance Dance,"Action, Drama, Musical"
Mr. & Mrs. Khiladi,"Comedy, Drama, Romance"
Deewaar,"Action, Crime, Drama"
Manjhi: The Mountain Man,"Biography, Drama"
Dhadak,"Drama, Romance"
Kites,"Action, Drama, Romance"
State of Siege: Temple Attack,"Action, Thriller"
Dulha Mil Gaya,"Comedy, Drama, Romance"
Dil Aashna Hai (...The Heart Knows),"Drama, Romance"
Pizza,Horror
Yuvvraaj,"Comedy, Drama, Musical"
VD 12,"Action, Drama"
Happy Bhag Jayegi,"Comedy, Romance"
PM Narendra Modi,"Biography, Drama"
Bole Chudiyan,"Comedy, Drama, Romance"
Mohabbat,"Drama, Romance"
Arjun Pandit,"Action, Crime, Romance"
Beta,"Drama, Romance"
'D',"Crime, Drama, Thriller"
Saugandh,"Action, Drama, Romance"
Aap Mujhe Achche Lagne Lage,"Action, Drama, Romance"
Thackeray,"Biography, Drama"
Julie,"Family, Musical, Romance"
Shimla Mirchi,"Comedy, Romance"
Golmaal Again,"Action, Comedy, Fantasy"
Enemy,"Action, Drama, Thriller"
Madhumati,"Fantasy, Musical, Mystery"
Kick 2, 
Soni,"Crime, Drama"
Saagar,"Drama, Romance"
Paap,"Action, Crime, Drama"
Jackpot,"Comedy, Thriller"
Roadside Romeo,"Animation, Adventure, Comedy"
Maarrich,"Crime, Mystery, Thriller"
Punjab '95,"Biography, Crime, Drama"
Dosti: Friends Forever,"Drama, Romance"
Ziddi,"Action, Drama"
Dushmun,Drama
The Accidental Prime Minister,"Biography, Drama"
Preetam,"Comedy, Romance"
Drive,"Action, Crime, Thriller"
Ajmer 92,"Crime, Drama, History"
Hindutva,Drama
Shakuntala Devi,"Biography, Drama"
Anwar,"Drama, Romance, Thriller"
Garv: Pride and Honour,"Action, Crime, Drama"
The Storyteller,Drama
Mere Jeevan Saathi,"Drama, Music, Romance"
Kochadaiiyaan,"Animation, Action, Adventure"
Tahkhana,"Action, Drama, Horror"
Bombay,Action
King Uncle,"Comedy, Drama, Family"
Don,"Action, Crime, Drama"
Chhota Bheem aur Krishna: Mayanagari,"Animation, Action, Fantasy"
Bedhadak, 
Yaara,"Action, Crime, Drama"
De De Pyaar De,"Comedy, Drama, Romance"
Malaal,"Action, Drama, Romance"
Match Of Life,Comedy
Ek Betuke Aadmi Ki Afrah Raatein,Drama
Do Dooni Chaar,"Comedy, Crime, Drama"
Bhabhi,"Comedy, Drama, Family"
Badal,"Action, Crime, Drama"
Badla Sherni Ka,Action
Awara Pagal Deewana 2, 
Badnaam Gali,Comedy
Vishwaroopam,"Action, Thriller"
Unpaused,"Drama, Romance"
Vedaat Maratha Veer Daudale Saat,History
Victoria: Ek Rahasya,"Horror, Thriller"
Tum Mere Ho,"Fantasy, Horror, Romance"
Jaani Dushman: Ek Anokhi Kahani,"Action, Fantasy, Horror"
Amar Akbar Anthony,"Action, Comedy, Drama"
Spirit, 
Khamoshi: The Musical,"Drama, Musical, Romance"
Teesri Kasam,"Comedy, Drama, Romance"
Pati Patni Aur Woh,"Comedy, Romance"
Chhatriwali,"Comedy, Drama"
Lootcase,"Comedy, Crime"
Devdas,"Drama, Musical, Romance"
Murder Mubarak,"Comedy, Horror, Mystery"
Rambo,Action
Sarzameen,"Drama, Mystery, Thriller"
Ruslaan,"Action, Thriller"
Earth,"Drama, Romance, War"
Mister Mummy,"Comedy, Drama"
Pailwaan,"Action, Drama, Sport"
Rajnigandha,"Crime, Drama"
Haré Rama Haré Krishna,"Drama, Musical"
Sold,Drama
Bhoot,"Horror, Mystery, Thriller"
Martin,"Action, Drama, Thriller"
Pyar Ke Do Pal,"Action, Drama"
Tumko Na Bhool Paayenge,"Action, Romance, Thriller"
Fugly,"Drama, Thriller"
Anokha Bandhan,Drama
Phas Gaye Re Obama,"Comedy, Crime, Drama"
Tauba Tauba,"Comedy, Drama"
Hera Pheri,"Action, Comedy, Crime"
Heropanti,"Action, Romance"
Pihu,"Drama, Thriller"
Oh My Ghost,"Comedy, Horror"
Chamatkar,"Comedy, Drama, Fantasy"
Dasvidaniya,"Comedy, Drama"
MP3: Mera Pehla Pehla Pyaar,"Comedy, Drama, Musical"
Andaaz,"Drama, Musical, Romance"
Shanakht,Drama
Daag: A Poem of Love,"Drama, Music, Romance"
Dostana 2,Comedy
Nache Nagin Gali Gali,Horror
Auron Mein Kahan DumTha,"Drama, Romance"
What's Your Raashee?,"Comedy, Drama, Romance"
Tutak Tutak Tutiya,"Comedy, Horror"
Jaal: The Trap,"Action, Crime, Drama"
Sharaabi,"Comedy, Drama, Romance"
Badmaa$h Company,"Comedy, Crime, Drama"
Hamari Adhuri Kahani,"Drama, Romance"
Bad Boy,"Comedy, Drama, Romance"
Doordarshan,"Comedy, Drama"
Haasil,"Crime, Drama, Romance"
Neal 'N' Nikki,"Comedy, Musical, Romance"
Bandhan,"Action, Drama, Romance"
Hijack,"Action, Thriller"
Fida,"Action, Crime, Drama"
Cold Case,"Horror, Mystery, Thriller"
Mastizaade,Comedy
Ab Tak Chhappan,"Crime, Drama"
Akele Hum Akele Tum,"Drama, Romance"
Jab Pyaar Kisise Hota Hai,"Comedy, Drama, Romance"
Allah-Rakha,"Action, Drama"
Bhaagamathie Full Hindi Dubbed Movie,Horror
Saathiya,"Drama, Family, Romance"
Ankahi Kahaniya,"Drama, Romance"
Pudhu Pettai,"Action, Crime, Drama"
Tejas,"Action, Drama, Thriller"
Shubh Mangal Saavdhan,"Comedy, Romance"
Phantom,"Action, Drama, Thriller"
Coolie No. 1,"Action, Comedy, Romance"
Aisha,"Comedy, Drama, Romance"
Gumnaam,"Drama, Mystery, Thriller"
Fire in the Mountains,Drama
Yaar Gaddar,"Action, Drama, Mystery"
Barsaat,"Action, Romance"
Heyy Babyy,"Comedy, Drama"
Dhol,"Comedy, Crime, Mystery"
Bahut Hua Sammaan,"Comedy, Crime, Drama"
Lajja,"Action, Crime, Drama"
Krishna Cottage,"Horror, Mystery, Romance"
Jung,"Action, Crime, Drama"
Nela Ticket,"Action, Comedy, Crime"
Pyasi Nigahen,Thriller
Veere Di Wedding,Comedy
Fire,"Drama, Romance"
NH10,"Action, Crime, Drama"
Gunjan Saxena: The Kargil Girl,"Action, Biography, Drama"
Silence... Can You Hear It?,"Crime, Thriller"
Badass Ravikumar,"Action, Musical"
Baap,Action
Khoj,"Crime, Mystery, Thriller"
Jhoom Barabar Jhoom,"Comedy, Drama, Musical"
Humshakals,"Comedy, Drama, Romance"
Prahaar: The Final Attack,"Drama, Thriller, Action"
Maine Dil Tujhko Diya,"Action, Romance"
Raja Natwarlal,"Crime, Thriller"
Chhorii,"Drama, Horror, Thriller"
Andhaa Kaanoon,"Action, Drama"
The Song of Scorpions,Drama
Ram Jaane,"Action, Crime, Drama"
Machine,"Action, Mystery, Romance"
Acting Ka Bhoot,"Comedy, Crime"
Hamara Dil Aapke Paas Hai,"Action, Drama, Romance"
Pyaar Ishq Aur Mohabbat,"Drama, Musical, Romance"
Pantham,Action
Kyaa Kool Hai Hum,"Comedy, Mystery"
Hamid,Drama
Apna Sapna Money Money,"Comedy, Musical, Romance"
Daag: The Fire,"Action, Drama, Thriller"
The Killer,"Action, Crime, Drama"
Mission Lion,Thriller
Siren,"Crime, Thriller"
Laila Aur Satt Geet,Drama
Oye Lucky! Lucky Oye!,"Comedy, Crime, Drama"
Bhoot: Part One - The Haunted Ship,"Horror, Mystery, Thriller"
Shabaash Mithu,"Biography, Drama, Sport"
Hulchul,"Action, Comedy, Drama"
Saand Ki Aankh,"Biography, Drama"
Vijaypath,"Action, Drama, Romance"
Kodiyil Oruvan,"Action, Drama"
Paltan,"Action, Drama, History"
Rehnaa Hai Terre Dil Mein,"Comedy, Drama, Musical"
Ta Ra Rum Pum,"Comedy, Drama, Family"
Indoo Ki Jawani,"Comedy, Drama"
The Dirty Picture,"Biography, Comedy, Drama"
Pagalpanti,"Action, Comedy"
Dil Ka Rishta,"Drama, Musical, Romance"
Khaali Peeli,"Action, Comedy, Romance"
Aandhi,"Drama, Romance"
Shamitabh,Drama
Miss Lovely,"Crime, Drama, Romance"
Vidhaata,"Action, Drama"
Pran Jaye Par Vachan Na Jaye,"Action, Drama, Musical"
Dil Ka Kya Kasoor,"Musical, Romance"
Suhaag,"Action, Comedy, Drama"
Raja Babu,"Action, Comedy, Drama"
Parivartan,Family
Tigers,Drama
Aa Ab Laut Chalen,"Musical, Romance, Drama"
Khubsoorat,"Comedy, Drama, Family"
Untitled SRK-Suhana-Marflix movie,Action
Rishtey,"Action, Drama, Romance"
Chaahat,"Drama, Romance"
Aalavandhan,"Action, Crime, Thriller"
Shubh Mangal Zyada Saavdhan,"Comedy, Crime, Romance"
One Night Stand,"Drama, Romance"
Laawaris,"Drama, Action, Musical"
Dacait,"Action, Drama"
Naam,"Crime, Drama, Thriller"
Nishabd,Drama
Kadhalar Dinam,"Drama, Musical, Romance"
Sixteen,"Drama, Romance, Thriller"
Lohardaga,Drama
Sathyam,"Action, Crime, Drama"
Salmon 3D,"Romance, Thriller"
Gumrah,"Action, Crime, Drama"
Ijaazat,"Drama, Musical, Romance"
Chimanee Pakhre,Drama
Ek Vivaah... Aisa Bhi,"Drama, Romance"
Break Ke Baad,"Comedy, Drama, Romance"
Rock On 2,"Drama, Music"
Indrasabha,"Musical, Romance"
Maharaj,"Biography, Crime, Drama"
21: Battle of Saragarhi,War
Bumm Bumm Bole,"Drama, Family, Thriller"
Anjaam,"Crime, Drama, Thriller"
Hacked,Thriller
Dybbuk: The Curse Is Real,"Drama, Horror"
Haathi Mere Saathi,"Drama, Family, Musical"
Mausam,"Musical, Romance"
Sardaar Gabbar Singh,"Action, Comedy, Crime"
Vardi,"Action, Crime, Drama"
Aag Ke Sholay,"Action, Thriller"
Kacchey Limbu,"Drama, Family"
Yeh Hai Jalwa,"Comedy, Drama, Romance"
Saawariya,"Drama, Musical, Romance"
Emergency,"Drama, History"
Makdee,"Comedy, Family, Fantasy"
Black Rose,Thriller
Kaalia,"Action, Drama"
Prem Rog,"Drama, Musical, Romance"
Sarkar Raj,"Action, Crime, Drama"
Phoonk,"Drama, Horror, Mystery"
Gehrayee,"Drama, Horror"
Yamla Pagla Deewana,"Action, Comedy, Drama"
Saajan Ka Ghar,Drama
Love Story 2050,"Action, Adventure, Drama"
Commando 2,"Action, Adventure, Thriller"
Mehsampur,Drama
Mere Brother Ki Dulhan,"Comedy, Drama, Family"
12th Fail, 
Jaan-E-Mann: Let's Fall in Love... Again,"Comedy, Drama, Musical"
Umrao Jaan,"Drama, Romance"
Dum Maaro Dum,"Action, Crime, Drama"
Farz,"Action, Crime, Thriller"
Sui Dhaaga: Made in India,"Comedy, Drama"
Om - The Battle Within,"Action, Thriller"
Iftikhar,Drama
Sohni Mahiwal,"Action, Drama, Romance"
Cash,"Comedy, Drama"
Drona,"Action, Adventure, Fantasy"
Bewafaa,"Drama, Romance"
Bazaar,"Drama, Family"
Why Cheat India,"Comedy, Crime, Drama"
Ek Phool Do Mali,"Drama, Family, Musical"
Salaam Namaste,"Comedy, Drama, Romance"
B.A. Pass 3,"Drama, Romance"
Kasoor,"Drama, Mystery, Thriller"
Players,"Action, Crime, Thriller"
Purana Mandir,"Drama, Horror"
Dushman,"Crime, Drama, Thriller"
Phillauri,"Comedy, Drama, Fantasy"
Aurangzeb,"Action, Drama, Thriller"
Right Yaaa Wrong,"Action, Crime, Drama"
Bhagwaan Dada,"Drama, Thriller"
Raktneeti,Thriller
Vishwaroopam 2,"Action, Thriller"
Love in a Taxi,"Crime, Thriller"
Action Jackson,"Action, Crime, Thriller"
Atithi Tum Kab Jaoge?,Comedy
Purab Aur Pachhim,"Drama, Romance"
Sparsh,"Drama, Romance"
Kya Kehna,"Drama, Romance"
Navra Mazha Navsacha,Comedy
Welcome to New York,"Comedy, Drama"
Chann Pardesee,Drama
Suhaag,"Action, Comedy, Drama"
Annamalai,"Action, Drama"
Saaransh,Drama
All India Rank,Comedy
Silsila,"Drama, Family, Romance"
Great Grand Masti,"Comedy, Drama, Fantasy"
100 Days,"Horror, Romance, Thriller"
Sheela I Love You,Thriller
Mr. & Mrs. Mahi,Drama
Road to Sangam,"Drama, Thriller"
Suraj,"Romance, Musical, Action"
Honeymoon Travels Pvt. Ltd.,"Comedy, Drama, Romance"
Jung,"Action, Crime, Drama"
Raavan,"Action, Adventure, Drama"
City Lights,"Drama, Thriller"
Kaala Patthar,"Action, Drama, History"
Blank,"Action, Thriller"
Mitron,Comedy
Mahakaal,"Comedy, Horror"
Daku Ramkali,"Adventure, Drama, Musical"
Ajji,"Crime, Drama"
Mudrank: The Stamp,Mystery
Aarzoo,"Action, Drama, Romance"
Bluffmaster!,"Comedy, Crime, Drama"
Oh Darling Yeh Hai India,Comedy
Ramayana: The Epic,"Animation, Action, Adventure"
Mangal Pandey: The Rising,"Biography, Drama, History"
The Journey of Karma,Drama
Raaz Reboot,"Horror, Mystery, Romance"
Dhanak,"Comedy, Drama"
Bhoot and Friends,"Animation, Action, Adventure"
Saajan Chale Sasural,"Comedy, Drama"
Sssshhh...,"Horror, Mystery"
Haathi Mere Saathi,"Action, Drama"
The Shaukeens,Comedy
Kati Patang,"Drama, Family, Musical"
Ulajh,Thriller
I Am Kalam,"Comedy, Drama, Family"
Hum Dono,"Drama, Musical, Romance"
Jannat: In Search of Heaven...,"Crime, Drama, Romance"
Jeet,"Action, Romance"
Mard,"Action, Comedy, Drama"
Half Girlfriend,"Drama, Romance"
Jalebi,"Drama, Romance"
Thupparivaalan,"Action, Crime, Thriller"
Pyar Ka Karz,Drama
Saina,"Biography, Drama, Sport"
Virgin Bhanupriya,"Comedy, Drama"
Halahal,"Crime, Drama, Mystery"
Maid for each other,Romance
Stalin,"Action, Drama"
Dus,"Action, Crime, Drama"
Om Dar-B-Dar,Drama
Mann,"Drama, Romance"
3rd October,Drama
Baabul,"Drama, Family, Romance"
Roti Kapada Aur Makaan,"Action, Drama, Musical"
Dobaara: See Your Evil,"Horror, Mystery"
Hawas,"Drama, Romance, Thriller"
Fateh,"Action, Crime"
Zakhmi Sipahi,Action
Happy Ending,"Comedy, Romance"
Japan,"Action, Drama, Thriller"
Gunda,"Action, Comedy, Crime"
Nishant,"Crime, Drama"
The Past,"Drama, Horror"
Army,"Action, Drama"
Dvand: The Internal Conflict,Drama
Dulhe Raja,Comedy
Irada,"Drama, Mystery, Thriller"
Jaggu Ki Lalten,Drama
Blackmail,"Drama, Musical, Romance"
Coolie,"Action, Comedy, Drama"
Dedh Ishqiya,"Comedy, Drama, Romance"
VD18,"Action, Drama"
Ek Doctor Ki Maut,"Biography, Drama"
Ram Gopal Varma Ki Aag,"Action, Adventure, Comedy"
Yeh Ballet,"Drama, Musical"
Namak Haraam,Drama
Woh Lamhe ...,"Biography, Drama, Romance"
Mandi,"Comedy, Drama"
Naya Daur,"Action, Drama, Musical"
Welcome to Karachi,"Action, Comedy, War"
No Land's Man,Drama
1971,"Action, Drama, War"
Saheb Biwi Aur Gangster 3,"Action, Crime, Drama"
Hawaizaada,"Biography, Drama"
Tumhari Sulu,"Comedy, Drama"
Prem,"Action, Drama, Romance"
Dangerous Ishhq,"Fantasy, Mystery, Romance"
Ajay,"Action, Drama, Romance"
Shuddh Desi Romance,"Comedy, Drama, Romance"
Aakhree Raasta,"Action, Crime, Drama"
Mubarakan,"Comedy, Romance"
Police Aur Mujrim,"Action, Musical, Romance"
Jazbaa,"Action, Crime, Drama"
Lucky: No Time for Love,"Musical, Drama, Romance"
Ankhen,"Action, Adventure, Drama"
Mashaal,"Action, Drama, Family"
Super Nani,"Comedy, Drama, Family"
Dhoondte Reh Jaoge,"Comedy, Drama"
Tahalka,"Action, Adventure, Thriller"
Googly,"Comedy, Romance"
Swarg,Drama
Hadh Kar Di Aapne,"Comedy, Romance"
Mere Baap Pehle Aap,"Comedy, Drama, Romance"
Amir Garib,"Action, Thriller"
Long Live Brij Mohan,"Comedy, Crime, Drama"
Meel patthar,Drama
Hatya,"Action, Crime, Drama"
NTR: Kathanayakudu,"Biography, Drama"
Apne,"Action, Drama, Sport"
Yeh Lamhe Judaai Ke,"Drama, Mystery, Romance"
No Problem,"Action, Comedy, Crime"
Yudhra,Action
Baghavat,"Action, Romance"
Begum Jaan,"Action, Drama, History"
Taarzan: The Wonder Car,"Action, Adventure, Drama"
Yaariyan,"Drama, Romance"
The Legend of Bhagat Singh,"Action, Biography, Drama"
Beyond the Clouds,"Drama, Family"
Oops!,"Comedy, Drama"
Hawaa Hawaai,"Drama, Family, Sport"
Ram Singh Charlie,Drama
Main Atal Hoon,"Biography, Drama"
Taqdeer,"Drama, Family"
Simran,"Crime, Drama, Thriller"
Dulhan Hum Le Jayenge,"Comedy, Drama, Romance"
Indian Never Again Nirbhaya,Drama
The Great Gambler,"Action, Crime, Romance"
Chaar Lugaai,Mystery
Pinjar: Beyond Boundaries...,Drama
200: Halla Ho,"Crime, History, Thriller"
Ayalaan,"Action, Adventure, Sci-Fi"
Total Dhamaal,"Action, Adventure, Comedy"
Aayirathil Oruvan,"Action, Adventure"
Fashion,"Drama, Romance"
14 Phere,"Comedy, Romance"
Yellow Bus,Drama
Mere Sajana Saath Nibhana,"Drama, Musical"
Torbaaz,"Action, Drama, Sport"
Ishq Vishk,"Comedy, Romance"
Chakravyuh,"Action, Drama, Thriller"
Darwaza,Horror
Kadakh,"Comedy, Drama, Thriller"
Scorned,Thriller
Ankush,"Action, Drama"
Shikara,"Drama, History, Romance"
Freaky Ali,"Comedy, Sport"
Ready,"Action, Comedy, Romance"
Do Patti,"Drama, Mystery, Thriller"
Iqbal,"Drama, Sport"
Operation Fryday,"Action, Crime, Drama"
Dil Hai Gray,Crime
Kahin Pyaar Na Ho Jaaye,"Comedy, Drama, Musical"
Aankhen 2,Thriller
Journey Bombay to Goa: Laughter Unlimited,"Action, Adventure, Comedy"
Lekin...,"Drama, Fantasy, Musical"
The Hero: Love Story of a Spy,"Action, Adventure, Drama"
The Zoya Factor,"Comedy, Drama, Romance"
Kucch To Hai,"Horror, Mystery, Romance"
Ungli,"Crime, Drama, Thriller"
Parinda,"Action, Crime, Drama"
Saajan,"Drama, Musical, Romance"
Prassthanam,"Action, Drama"
Berlin,Thriller
Bhonsle,Drama
Chashme Baddoor,"Comedy, Drama"
Pukar,"Action, Drama, Romance"
All Is Well,"Comedy, Drama, Romance"
Gandhi Talks,Comedy
Do Ankhen Barah Haath,"Comedy, Crime, Drama"
Ittu Si Baat,Drama
Lamhe,"Drama, Musical, Romance"
Qayamat Se Qayamat Tak,"Drama, Musical, Romance"
Bunty Aur Babli 2,"Comedy, Romance"
Ahsaas,"Drama, Romance"
Harami,"Crime, Drama, Romance"
Kudrat,"Drama, Mystery, Romance"
Kisna: The Warrior Poet,"Drama, Musical, Romance"
Jal,Drama
Ek Gulelbaaz the Catapult,"Drama, Family"
Jail Yatra,"Action, Romance"
Fraud Saiyyan,"Comedy, Drama"
Barot House,"Mystery, Thriller"
The Attacks of 26/11,"Action, Crime, Drama"
Son of Sardaar,"Action, Comedy, Romance"
Rocky,"Action, Romance"
Mere Aagosh Mein,Thriller
Narasimha,"Action, Drama"
The Burning Train,"Action, Thriller"
Dostana,"Action, Crime, Drama"
Bemisal,"Drama, Family"
Chhota Bheem Himalayan Adventure,Animation
Vijay,"Action, Drama, Romance"
Ghazab,"Action, Comedy, Drama"
Free Entry,"Drama, Romance"
Commando,"Action, Drama, Romance"
Jaal,"Action, Drama, Thriller"
Shaapit: The Cursed,"Adventure, Horror, Romance"
Hello Brother,"Action, Comedy, Fantasy"
Ghatak: Lethal,"Action, Drama"
Ramprasad Ki Tehrvi,"Comedy, Drama"
Backfire,Mystery
Main Prem Ki Diwani Hoon,"Comedy, Drama, Musical"
Naseeb Apna Apna,"Comedy, Drama"
Parivaar,"Drama, Family"
Tu Hai Mera Sunday,"Comedy, Drama"
Rakshak,"Action, Thriller"
#Homecoming,"Drama, Musical"
Farz,"Action, Thriller"
Chalk N Duster,Drama
U Me Aur Hum,"Drama, Romance"
"Tom, Dick, and Harry","Action, Comedy, Romance"
Tryst with Destiny,Drama
Mukti Bhawan,"Comedy, Drama"
Hero No. 1,"Comedy, Drama, Musical"
Ajab Prem Ki Ghazab Kahani,"Action, Comedy, Musical"
Dhadkan,"Drama, Romance"
I Love You,"Drama, Romance, Thriller"
The Stoneman Murders,"Crime, Drama, Mystery"
Lomad,"Crime, Drama, Thriller"
Awaara,"Drama, Musical, Romance"
Bhuj: The Pride of India,"Action, Drama, History"
Tribhanga,"Drama, Family"
Kuch Pal Pyar Ke,Drama
Dor,Drama
Hero,"Action, Drama, Romance"
Aaj Ka Arjun,"Action, Crime, Drama"
Do Knot Disturb,"Comedy, Drama"
Lupt,"Horror, Thriller"
Cargo,"Drama, Fantasy, Sci-Fi"
Shiva,"Action, Crime, Drama"
Cheeni Kum,"Comedy, Drama, Romance"
Chhota Bheem and the Curse of Damyaan,"Animation, Adventure, Fantasy"
Veer,"Action, Adventure, Drama"
Damini,"Crime, Drama"
Khichdi 2, 
The Huntress,"Action, Drama, Sci-Fi"
Rang,"Drama, Romance"
Jungle Ki Hasina,"Action, Adventure"
Sandwich,"Comedy, Thriller"
Khud-Daar,"Action, Drama"
Sunday,"Action, Comedy, Mystery"
F.A.L.T.U,"Comedy, Drama"
The Y,"Horror, Mystery, Thriller"
Swayambhu,"Adventure, Drama, Fantasy"
Aunty No. 1,"Action, Comedy, Drama"
Shabd,"Drama, Thriller"
Do Raaste,"Drama, Romance"
Mela,"Action, Adventure, Comedy"
Lingaa,"Action, Comedy, Drama"
Yeh Vaada Raha,"Romance, Musical, Drama"
Firaaq,"Drama, History, Thriller"
Ek Rishtaa: The Bond of Love,Drama
15 Park Avenue,Drama
Balika Badhu,"Comedy, Drama, Romance"
Angoor,Drama
Baap Beti,Drama
Gardish,"Action, Crime, Drama"
Kill Dil,"Action, Comedy, Drama"
Aashiqui,"Musical, Drama, Romance"
Tridev,"Action, Crime, Drama"
Junko,Crime
Baazi,"Action, Thriller, Crime"
Ankur Arora Murder Case,"Drama, Thriller"
Benaam,"Drama, Mystery, Thriller"
Parichay,"Drama, Family, Musical"
Kartoos,"Action, Thriller"
Imtihaan,"Action, Drama, Romance"
Chintu Ka Birthday,"Comedy, Drama, War"
Amavas,"Horror, Thriller"
Bhindi Baazaar,"Crime, Drama, Thriller"
Ankur,Drama
Karz,"Action, Musical, Romance"
Mr. Natwarlal,"Action, Comedy, Romance"
Rangeela Raja,Comedy
Teri Meherbaniyan,"Action, Crime, Drama"
Hum Se Badkar Kaun,"Adventure, Drama"
Eeb Allay Ooo!,"Comedy, Drama"
Haseena Maan Jaayegi,"Action, Comedy, Romance"
404: Error Not Found,"Drama, Mystery, Thriller"
DJ Tillu,"Action, Comedy, Crime"
Genius,"Action, Thriller"
Suraj Pe Mangal Bhari,Comedy
Adi Shankaracharya,"Biography, Drama"
The Final Exit,Horror
Dec-24,"Horror, Thriller"
Dev Bhoomi,Drama
Bull,"Action, Drama"
Satellite Shankar,"Action, Drama"
Baton Baton Mein,"Comedy, Romance"
Soorya,"Crime, Drama, Thriller"
Kidnap,"Action, Crime, Drama"
Talaash: The Hunt Begins...,"Action, Crime, Drama"
Chittagong,"Action, Drama, War"
Batti Gul Meter Chalu,Drama
Genie,"Action, Fantasy"
Boss,"Action, Comedy, Crime"
Power,"Action, Comedy, Crime"
Tsunami,"Drama, Thriller"
Viruddh... Family Comes First,"Drama, Family"
Tango Charlie,"Action, Adventure, Drama"
Bank Chor,"Action, Comedy, Crime"
Nautanki Saala!,"Comedy, Drama, Romance"
Luv Shuv Tey Chicken Khurana,Comedy
Koshish,Drama
Sakthi,"Action, Adventure, Fantasy"
Jajantaram Mamantaram,"Action, Adventure, Comedy"
Inkaar,"Drama, Romance, Thriller"
Zamaana Deewana,"Action, Comedy, Drama"
American Desi,"Comedy, Drama, Romance"
Jai Mummy Di,"Comedy, Drama, Romance"
Rosie: The Saffron Chapter,"Horror, Mystery, Thriller"
Stree 2,"Comedy, Horror"
Sooryavansham,"Action, Drama"
One Day: Justice Delivered,"Action, Crime, Thriller"
Na Tum Jaano Na Hum,"Comedy, Drama, Musical"
Mohalla Assi,"Comedy, Drama"
X: Past Is Present,"Drama, Mystery, Romance"
Despatch,Drama
Kuselan,"Comedy, Drama, Family"
Lagaam,Action
Tere Mere Sapne,"Drama, Romance"
Parineeta,"Drama, Musical, Romance"
The Immortal Ashwatthama,"Action, Adventure, Fantasy"
Jai Ho,"Action, Drama"
Tanu Weds Manu Returns,"Comedy, Drama, Romance"
Tanu Weds Manu,"Comedy, Drama, Romance"
Karma Strikes,"Drama, Romance, Thriller"
Kshatriya,"Action, Drama, War"
Dayavan,"Action, Crime, Drama"
Tamso,"Drama, Horror, Thriller"
Haqeeqat,"Action, Drama, Romance"
Hum Kisise Kum Naheen,"Action, Comedy, Drama"
Apne 2,Drama
Nehlle Pe Dehlla,"Action, Comedy, Crime"
Yeshwant,"Action, Crime, Drama"
The Hidden Strike,War
Woh Ladki Hai Kahaan,"Comedy, Drama"
Amar Prem,Drama
Thadaiyara Thaakka,"Action, Crime, Drama"
Return of Hanuman,"Animation, Action, Adventure"
Rang Rasiya,"Biography, Drama, Romance"
Malamaal Weekly,"Comedy, Drama, Romance"
Ticket ek Sangharsh,"Drama, Thriller"
Angithee 2,Drama
Jaane Do,Romance
Irumbu Thirai,"Action, Crime, Thriller"
Haunted - 3D,"Action, Fantasy, Horror"
Thoda Pyaar Thoda Magic,"Comedy, Drama, Family"
Shakthi: The Power,"Action, Drama, Thriller"
Chhoti Si Baat,"Comedy, Romance"
Finding Fanny,"Adventure, Comedy, Drama"
Parampara,"Action, Drama, Romance"
Teri Meri Kahaani,"Comedy, Drama, Romance"
Bhoothnath Returns,"Comedy, Drama, Fantasy"
Arjun Patiala,"Action, Comedy"
Udd Jaa Nanhe Dil,Family
Balakot: the true story,Action
Roop Ki Rani Choron Ka Raja,"Action, Drama, Musical"
Teesri Manzil,"Comedy, Musical, Mystery"
Satyakam,Drama
Agni Pankh,"Action, Drama, Romance"
Rajma Chawal,"Comedy, Drama, Family"
Bhai,"Action, Drama"
Guddu,"Drama, Romance"
Himmatwala,"Action, Comedy, Drama"
Big Brother,"Action, Crime, Drama"
Amrapali,"Musical, Fantasy"
Hukumat,"Action, Drama"
Chhoti Chhoti Baatein,Drama
Minus 31: The Nagpur Files,"Crime, Mystery"
No Entry,"Comedy, Drama, Musical"
Jism,"Drama, Romance, Thriller"
Billoo Baadshah,"Action, Crime, Drama"
Auzaar,"Action, Drama, Musical"
Nenu Local,"Action, Comedy, Romance"
Amar Akbar Anthony,"Action, Comedy, Crime"
Hum Kaun Hai?,"Horror, Drama, Mystery"
ANOLB,Sci-Fi
Biwi Ho To Aisi,"Comedy, Drama"
Tere Bin Laden: Dead or Alive,Comedy
Sampoorna Ramayana,"Drama, Adventure, Action"
Deewana Mastana,"Comedy, Romance"
Shadyantra,Thriller
Roti,"Drama, Romance, Thriller"
Yaadon Ki Baaraat,"Action, Drama, Musical"
Eiga Doraemon: Nobita no getsumen tansaki,"Animation, Action, Adventure"
Dhh,"Drama, Family"
Kaala Sona,"Action, Thriller"
Dhaai Akshar Prem Ke,"Drama, Romance"
Sandai Kozhi,Action
Maama Mascheendra,"Action, Drama"
99 Songs,"Musical, Romance"
A Sublime Love Story: Barsaat,"Drama, Romance"
72 Hours: Martyr Who Never Died,"Action, Biography, Drama"
Diya Aur Toofan,"Action, Drama, Thriller"
Silsila Sidnaaz Ka,Romance
Sheela Meri Jaan,Thriller
Issaq,"Drama, Romance"
8 x 10 Tasveer,"Action, Crime, Drama"
Andhera,"Crime, Drama, Thriller"
Style,"Comedy, Musical, Mystery"
Jawani Ki Kahani,Drama
Monster,Thriller
The Warrior,"Adventure, Drama"
Naqaab,"Crime, Drama, Romance"
Sarkar 3,"Action, Crime, Drama"
Mere Yaar Ki Shaadi Hai,"Comedy, Drama, Romance"
Pyaar Hai Toh Hai, 
Nawabzaade,"Comedy, Romance"
Lipstick Under My Burkha,"Comedy, Drama"
Ghanchakkar,"Comedy, Crime, Thriller"
Vaada,"Crime, Drama, Mystery"
Khiladi 1080,Action
Meri Jung,"Action, Drama"
Love,"Drama, Musical, Romance"
Family: Ties of Blood,"Action, Crime, Drama"
London Dreams,"Drama, Music"
C U at 9,"Drama, Horror, Mystery"
Balwaan,"Action, Adventure"
Aashiqui 3,"Drama, Music, Romance"
Veergati,"Action, Drama"
Perversion,Drama
Eklavya,"Action, Drama, Mystery"
Kunwara Baap,"Comedy, Drama"
Junglee Tarzan,Action
Naram Garam,"Comedy, Drama"
High Jack,Comedy
Baaghi: A Rebel for Love,"Action, Drama, Romance"
Tevar,"Action, Drama, Romance"
Tuesdays and Fridays,"Comedy, Musical, Romance"
Maa Tujhhe Salaam,"Action, Drama"
Bombairiya,"Comedy, Crime, Drama"
Chitrakut,Drama
Ajanabee,"Drama, Romance"
Page 3,Drama
Geraftaar,"Action, Drama"
Masti,"Comedy, Crime, Mystery"
Love Per Square Foot,"Comedy, Romance"
Aankhen,"Crime, Drama, Thriller"
Daud: Fun on the Run,"Action, Adventure, Comedy"
The Ladykiller, 
Bypass Road,"Drama, Mystery, Thriller"
Durgamati: The Myth,"Horror, Thriller"
Abhimaan,"Drama, Musical"
Penthouse,"Crime, Mystery, Thriller"
Dus,Action
Thokar,"Action, Drama, Family"
Tum Bin...: Love Will Find a Way,"Drama, Romance"
Gandhi Godse Ek Yudh,"Drama, History"
Shivaay,"Action, Adventure, Crime"
Ajooba,"Action, Adventure, Comedy"
Naajayaz,"Action, Drama"
Oru Kaidhiyin Diary,"Crime, Drama, Thriller"
Junglemahal: The Awakening,Horror
Apno Se Bewafai,Drama
Desh Premee,"Action, Comedy, Drama"
Gang,"Action, Crime, Drama"
Tapa Tap,Romance
Chalti Ka Naam Gaadi,"Comedy, Musical, Romance"
Tezz,"Action, Crime, Drama"
Pyasa Darinda,Horror
Budhia Singh: Born to Run,"Biography, Drama, Sport"
Kaash,Drama
I - Proud to Be an Indian,"Action, Crime, Drama"
Criminal,"Action, Romance, Thriller"
Force,"Action, Crime, Drama"
Judaai,"Comedy, Drama, Romance"
Tom Dick and Harry Returns,Comedy
Padikkathavan,Drama
Souten,"Drama, Musical, Romance"
Caravan,"Action, Comedy, Musical"
Ek Ajnabee,"Action, Crime, Drama"
Apurva,"Drama, Thriller"
Poorna,"Action, Adventure, Biography"
Am I Next,Crime
Bhuddah Hoga Tera Baap,"Action, Comedy, Crime"
Red Swastik,"Crime, Drama, Thriller"
Firangi,"Comedy, Drama"
The Deceivers,"Adventure, Crime, Drama"
Kaashi in Search of Ganga,Thriller
Risk,"Action, Crime, Drama"
Bees Saal Baad,"Thriller, Musical, Mystery"
Raat,Horror
R... Rajkumar,"Action, Comedy, Crime"
Sulaikha Manzil,"Comedy, Drama, Family"
Angoor,Comedy
Sherni,"Action, Adventure, Drama"
1920 London,"Horror, Mystery"
Himmatwala,"Action, Comedy, Drama"
Chori Chori Chupke Chupke,"Comedy, Drama, Musical"
International Khiladi,"Action, Crime, Drama"
Play Girls,Thriller
100%,Comedy
Sehar,"Action, Crime, Drama"
Bade Achhe Lagte Hai,Crime
Kala Bazar,"Crime, Drama, Musical"
Touch Chesi Chudu,"Action, Comedy, Crime"
Aap Ki Kasam,"Romance, Drama"
Bewakoofiyaan,"Comedy, Drama, Romance"
Khamoshi,"Drama, Romance"
Sanam Bewafa,"Drama, Romance"
Rocket Gang,"Comedy, Drama, Fantasy"
Andaman,Drama
Samadhi,"Action, Drama, Romance"
Kareeb,"Drama, Romance"
Kuldip Patwal: I Didn't Do It!,"Crime, Drama, Mystery"
Dil Ne Jise Apna Kaha,"Drama, Romance"
Pokhar Ke Dunu Paar,Drama
Wonder Women,Drama
"Gallit Gondhal, Dillit Mujra",Comedy
Gol Maal,"Comedy, Romance"
Kabhie Kabhie,"Drama, Romance"
Mystery of the Tattoo,Thriller
Dhoomam,"Action, Adventure, Drama"
Karma,"Action, Adventure, Drama"
Satyam Shivam Sundaram: Love Sublime,"Drama, Musical, Romance"
Chandni,"Drama, Musical, Romance"
Colour Photo,Drama
Bhouri,Drama
Yamla Pagla Deewana Phir Se...,"Action, Comedy, Drama"
Katti Batti,"Comedy, Drama, Romance"
Chidiakhana,"Drama, Sport"
Hari Singh Nalwa - Champion of the Khalsa Ji,Biography
I See You,"Comedy, Drama, Fantasy"
Mirch Masala,"Drama, Thriller"
Khilona,"Drama, Romance"
Gharwali Baharwali,Comedy
Saat Uchakkey,Comedy
Anamika,"Mystery, Romance, Musical"
Weapon,"Action, Sci-Fi, Thriller"
Collar Bomb,"Action, Thriller"
Haqeeqat,"Action, Musical, War"
Rajnigandha,"Drama, Romance"
Party,Drama
Ek Ladka Ek Ladki,"Comedy, Romance"
Parzania,"Drama, History"
Vodka Diaries,"Mystery, Thriller"
Phool Khile Hain Gulshan Gulshan,"Drama, Family"
Meri Biwi Ka Jawab Nahin,"Action, Comedy, Romance"
Undertrial,"Crime, Drama"
Agni Sakshi,"Drama, Musical, Romance"
Suryaa: An Awakening,"Action, Drama"
...Aur Pyaar Ho Gaya,"Comedy, Drama, Musical"
Fever,"Crime, Mystery"
Rakhta Charitra,"Action, Biography, Crime"
Raag Desh,"Action, Drama, History"
Pudhiya Geethai,"Action, Drama, Romance"
Akaash Vani,"Drama, Romance"
Kundan,"Action, Drama"
Apradhi,"Action, Crime, Drama"
House Arrest,Comedy
Garm Hava,Drama
Saat Hindustani,"Action, Adventure, Drama"
ABCD (Any Body Can Dance),"Drama, Music"
Nil Battey Sannata,"Drama, Family"
Badmaash Babes,Drama
376 D,"Crime, Thriller"
Shola Aur Shabnam,"Action, Comedy, Drama"
Naina,"Drama, Horror, Mystery"
Noorie,"Drama, Family, Romance"
Satya 2,"Action, Crime, Drama"
Marigold,"Comedy, Music, Romance"
Teraa Surroor,"Action, Drama, Romance"
Be Happy, 
Valley of Flowers,"Adventure, Drama, Fantasy"
Zameen,"Action, Adventure, Thriller"
Odd Couple,Drama
Ayee Milan Ki Raat,Romance
Fakira,"Action, Drama, Thriller"
SOS: Secrets of Sex,Drama
Leera the Soulmate,Sci-Fi
Red Rose,"Crime, Horror, Mystery"
Ghar Ho To Aisa,Drama
Khooni Mahal,Horror
Crook: It's Good to Be Bad,"Action, Crime, Drama"
Pareshan,Comedy
Apaharan,"Action, Crime, Drama"
InCar,"Drama, Thriller"
Bhangra Paa Le,"Comedy, Drama, Music"
Krishna,"Action, Drama, Romance"
Mumbai Express,"Action, Comedy"
Shalimar,"Action, Adventure, Crime"
Aadhi Bhagavan,"Action, Crime, Thriller"
Kya Yehi Pyaar Hai,"Drama, Romance"
Friendship,"Action, Crime, Drama"
Dunno Y Na Jaane Kyun...,"Drama, Romance"
Teen Devian,"Musical, Romance"
Noblemen,Drama
Angaar,"Action, Crime, Drama"
3G: A Killer Connection,"Horror, Mystery, Sci-Fi"
Jurm,"Crime, Drama, Mystery"
Milenge Milenge,"Drama, Romance"
Sri,"Biography, Drama"
English Babu Desi Mem,"Comedy, Drama, Musical"
Kahani Rubberband Ki,"Comedy, Drama, Family"
Doosara Aadmi,"Drama, Family, Romance"
Mithya,"Comedy, Crime, Thriller"
Wajood,"Action, Crime, Drama"
Arzoo,"Drama, Musical, Romance"
Aamdani Atthanni Kharcha Rupaiya,"Comedy, Drama, Family"
Ghar Parivaar,Drama
Dev,Drama
Khamosh,"Mystery, Thriller"
Corporate,Drama
Avtaar,Drama
Juliet's X-Tape,Thriller
Munna,Action
Loev,"Drama, Romance"
Dushman Duniya Ka,Drama
Girlfriend,Drama
Humse Na Jeeta Koi,Comedy
Sapoot,"Action, Crime, Drama"
Aashik Aawara,Drama
Andaz,"Drama, Romance"
Masterji,"Comedy, Drama, Romance"
Mr. X,"Action, Crime, Drama"
Shaan,"Action, Adventure, Comedy"
Biwi No. 1,"Comedy, Drama, Romance"
Angry Young Men,Drama
Love Nation,"Drama, Sci-Fi"
Get Educated: Paathshaala,"Drama, Family"
Doodh Ka Karz,"Action, Drama, Fantasy"
Shortcut Romeo,"Action, Crime, Drama"
Bhaiaji Superhit,"Action, Comedy, Drama"
Himmat,"Action, Comedy, Drama"
Siddharth,Drama
C Kkompany,"Comedy, Drama, Thriller"
Aan: Men at Work,"Action, Crime, Drama"
Time Out,"Drama, Family, Music"
Monalisa,Romance
Phool Aur Angaar,"Action, Drama"
Jai Gangaajal,"Crime, Drama"
Yudh,"Action, Crime, Drama"
Knock Out,"Action, Crime, Drama"
London Paris New York,Romance
Vampires of Vijay Nagar,"Comedy, Horror, Thriller"
Khudgarz,Drama
Bol Radha Bol,"Action, Comedy, Crime"
Junglee,"Action, Adventure, Thriller"
Thangalaan,"Action, Adventure, Drama"
Irudhi Suttru,"Action, Drama, Sport"
World Famous Lover,"Comedy, Drama, Romance"
Chupke Chupke,"Comedy, Drama, Romance"
Jahaan Chaar Yaar,"Comedy, Drama"
Dil Dosti Etc,"Comedy, Crime, Drama"
Krazzy 4,"Comedy, Crime, Drama"
Anupama,"Drama, Romance"
Chacha Bhatija,"Action, Comedy, Drama"
Ittefaq,"Crime, Mystery, Thriller"
Patthar Ke Phool,"Action, Drama, Romance"
The Death Sentence: Mrityu Dand,"Action, Drama"
The Fighter Suman,"Action, Drama"
Shor,Drama
Batwara,"Action, Drama"
Bullett Raja,"Action, Crime, Drama"
Unfreedom,"Crime, Drama, Romance"
Aaja Nachle,"Drama, Family, Music"
Albert Pinto Ko Gussa Kyon Ata Hai,"Comedy, Drama, Romance"
Angaaray,"Action, Crime, Drama"
Jeene Nahi Doonga,Action
Woh 3 Din,Drama
Testing Movie1,"Animation, Adventure, Family"
Mujhse Fraaandship Karoge,"Comedy, Drama, Romance"
Quotation Gang,"Crime, Thriller"
Mere Apne,Drama
Teri Khata,Drama
Fight Club: Members Only,"Action, Crime, Drama"
Hum To Mohabbat Karega,"Action, Comedy, Romance"
Sanaa,Drama
Karam,"Action, Crime, Drama"
Majboor,"Drama, Mystery, Thriller"
Chalte Chalte,"Romance, Thriller"
Pran Jaaye Par Shaan Na Jaaye,"Comedy, Drama"
Lootere,"Action, Romance, Thriller"
Chand Sa Roshan Chehra,Romance
Bobby,"Comedy, Musical, Romance"
Dhruva,"Action, Crime, Thriller"
Regina,"Crime, Thriller"
Bhopal: A Prayer for Rain,Drama
Saindhav,"Action, Crime, Drama"
Christopher,"Action, Crime, Drama"
Pyaar Impossible!,"Comedy, Romance"
Insaf Ka Tarazu,"Crime, Drama"
Sanjog,Drama
Kyun! Ho Gaya Na...,"Comedy, Drama, Romance"
Netaji Subhas Chandra Bose: The Forgotten Hero,"Biography, Drama, History"
Khatta Meetha,"Comedy, Drama"
Sector Balakot,War
Nibunan,"Action, Crime, Thriller"
Anari,"Comedy, Drama, Romance"
MCA Middle Class Abbayi,"Action, Comedy"
Music Teacher,"Drama, Romance"
Taxi No. 9 2 11: Nau Do Gyarah,"Comedy, Drama, Thriller"
Shatranj Ke Khilari,"Comedy, Drama, History"
Main Khiladi Tu Anari,"Action, Comedy, Drama"
Sangam,"Drama, Musical, Romance"
Satte Pe Satta,"Action, Comedy, Drama"
D Company,"Action, Crime, Thriller"
The Test,Sport
Red: The Dark Side,"Drama, Romance, Thriller"
Fool N Final,"Action, Comedy, Crime"
Home Delivery: Aapko... Ghar Tak,"Comedy, Romance"
MAX, 
Vaah! Life Ho Toh Aisi!,"Comedy, Drama, Family"
Khandaani Shafakhana,"Comedy, Drama"
Hostel,"Action, Crime, Drama"
Lucknow Central,"Action, Crime, Drama"
Tere Naal Love Ho Gaya,"Comedy, Drama, Romance"
M.... Matric Pass,"Drama, Romance"
Sanam Teri Kasam,"Action, Drama, Romance"
Children of War,"Drama, History, War"
Anjaana,Romance
Mirzya,"Action, Drama, Fantasy"
Boyfriend.com,Drama
Mera Saaya,"Drama, Musical, Mystery"
Mere Dad Ki Maruti,"Comedy, Drama, Romance"
Shubh Nikah,"Comedy, Drama, Family"
School Romance: Pure Love Web Series,Romance
Andolan,"Action, Comedy, Drama"
Gumnaami,"Action, Drama, History"
Dobaara,"Drama, Romance"
"Main, Meri Patni... Aur Woh!","Comedy, Drama, Romance"
Guddi,"Drama, Comedy, Family"
Shagird,"Action, Crime, Drama"
Ishaqzaade,"Action, Drama, Romance"
Do Anjaane,Drama
Chalta Purza,"Action, Thriller"
Safar,"Drama, Romance"
Badhaai Ho Badhaai,"Comedy, Drama, Musical"
Tera Intezaar,"Romance, Thriller"
Sehra,"Drama, Romance"
Welcome to Sajjanpur,"Comedy, Drama"
Ram-Avtar,"Action, Drama, Romance"
Mosagallu,"Crime, Drama, Thriller"
Sardar Ka Grandson,"Comedy, Drama, Romance"
Always Kabhi Kabhi,"Comedy, Crime, Drama"
Xcuse Me,Comedy
Chuhiya, 
Dillagi,"Drama, Musical, Romance"
Love Love Love,"Drama, Romance"
Raaz 3: The Third Dimension,"Horror, Romance, Thriller"
Ragini MMS,"Drama, Horror, Mystery"
Lakeer Ka Fakeer,Crime
Yeh Dillagi,"Comedy, Drama, Musical"
Suspect,"Crime, Drama"
Parwana,"Romance, Thriller"
#Mute,Thriller
Gulaab Gang,"Action, Drama"
Yaraana,"Drama, Romance, Thriller"
MSG: The Messenger of God,"Action, Comedy, Drama"
Kaantha, 
Maa,"Drama, Fantasy, Horror"
Tadapti Jawani,Thriller
Bewafai,"Drama, Romance"
God Tussi Great Ho,"Comedy, Drama, Fantasy"
Chameli,Drama
Paar,Drama
Chori Chori,"Comedy, Musical, Romance"
Super,"Action, Comedy"
Tamanna,Drama
Haunted Evil Dead,Horror
Lal Baadshah,"Action, Crime, Drama"
Teesri Aankh,"Action, Thriller"
Phir Milenge,Drama
Karm,"Drama, Family"
Millitary Raaj,Action
Jaan Tere Naam,"Drama, Romance"
Madam Chief Minister,Drama
Sabse Bada Khiladi,"Action, Crime, Thriller"
Chaalbaaz in London,Comedy
Pyaar Diwana Hota Hai,"Comedy, Drama, Romance"
Bulandi,"Action, Drama"
Bhakta Kannappa,"Action, Adventure, Drama"
Gaddaar,"Action, Drama, Romance"
Maa Beta,"Comedy, Crime, Drama"
Parvarish,"Action, Crime, Drama"
Barkhaa,"Drama, Romance"
Bheja Fry,"Comedy, Drama"
Saheb Biwi Aur Gangster,"Action, Crime, Drama"
Dil Maange More!!!,"Musical, Romance"
Khullam Khulla Pyaar Karen,Comedy
Pareeksha,Drama
Gambler,"Action, Comedy, Crime"
Humjoli,"Comedy, Drama, Romance"
Wrong Way,Horror
Zabardast,"Action, Drama"
Salaakhen,"Action, Drama"
Shlok - The Desi Sherlock,"Crime, Thriller"
Ravan Raaj: A True Story,"Action, Crime, Thriller"
Anmol,"Drama, Family, Romance"
Hebbuli,"Action, Drama, Thriller"
Dadagiri,"Action, Crime, Drama"
Tute Khwab,"Comedy, Family, Musical"
Tony,Thriller
Rosh,"Drama, Thriller"
P Se Pyaar F Se Faraar,"Crime, Drama, Romance"
The Royal Bengal Tiger,Thriller
Brahmachari,"Comedy, Drama, Musical"
Ekk Deewana Tha,"Drama, Romance"
Missing,"Drama, Mystery, Thriller"
Thugs,"Action, Thriller"
Middle Class Love,"Comedy, Drama, Romance"
Mutamestri,"Action, Drama"
Akayla,"Action, Drama, Thriller"
Oonche Log,"Drama, Family"
Shikari: The Hunter,"Action, Adventure"
RK/RKAY,Drama
Go Goa Gone 2,"Action, Adventure, Comedy"
Double Dhamaal,"Comedy, Crime, Drama"
Ek Chalis Ki Last Local,"Adventure, Comedy, Crime"
Golmaal 5,"Adventure, Comedy, Mystery"
Jannat 2,"Crime, Drama, Thriller"
Zeher,"Crime, Drama, Mystery"
Gangaajal,"Action, Crime, Drama"
Junglee,"Comedy, Drama, Musical"
Untitled Ranveer Singh & Shankar Film, 
Hum Paanch,"Action, Drama"
Bandini,"Drama, Musical, Romance"
Plan,"Action, Comedy, Crime"
Shudra the Rising,History
Ilaaka,"Action, Drama"
Kamaal Dhamaal Malamaal,"Comedy, Drama"
We R Friends,Drama
Geet Gaata Chal,"Comedy, Drama, Family"
Luv Ka the End,"Comedy, Drama"
Thanedaar,"Action, Crime, Drama"
Miss Mary,Comedy
Bombai Ka Babu,"Drama, Musical, Romance"
Souten: The Other Woman,Thriller
Humko Tumse Pyaar Hai,"Drama, Romance"
Faraar,"Action, Crime, Drama"
Taxi Driver,"Musical, Romance"
Kalicharan,"Action, Adventure, Crime"
Heeriye,Thriller
Sur: The Melody of Life,"Drama, Musical, Romance"
Time to Dance,"Musical, Romance"
Nigahen: Nagina Part II,"Drama, Family, Fantasy"
Kyo Kii... Main Jhuth Nahin Bolta,"Action, Comedy, Drama"
